{
  "eval_log": [
    {
      "training_episode": 0,
      "eval_success_rate": 0.34,
      "eval_avg_return": 0.34,
      "eval_avg_discounted_return": 0.28957304470571055,
      "avg_steps_success": 33.970588235294116,
      "avg_steps_failure": 35.515151515151516
    }
  ],
  "final_sr": 0.34,
  "final_dr": 0.28957304470571055
}