{
  "eval_log": [
    {
      "training_episode": 0,
      "eval_success_rate": 0.32,
      "eval_avg_return": 0.32,
      "eval_avg_discounted_return": 0.28144502667500426,
      "avg_steps_success": 27.8125,
      "avg_steps_failure": 22.323529411764707
    }
  ],
  "final_sr": 0.32,
  "final_dr": 0.28144502667500426
}