{
  "eval_log": [
    {
      "training_episode": 0,
      "eval_success_rate": 0.38,
      "eval_avg_return": 0.38,
      "eval_avg_discounted_return": 0.31253559934258274,
      "avg_steps_success": 41.36842105263158,
      "avg_steps_failure": 39.145161290322584
    }
  ],
  "final_sr": 0.38,
  "final_dr": 0.31253559934258274
}