{
  "eval_log": [
    {
      "training_episode": 0,
      "eval_success_rate": 0.22,
      "eval_avg_return": 0.22,
      "eval_avg_discounted_return": 0.1834854946704255,
      "avg_steps_success": 38.09090909090909,
      "avg_steps_failure": 34.73076923076923
    }
  ],
  "final_sr": 0.22,
  "final_dr": 0.1834854946704255
}