{
  "eval_log": [
    {
      "training_episode": 0,
      "eval_success_rate": 0.27,
      "eval_avg_return": 0.27,
      "eval_avg_discounted_return": 0.23231574589389292,
      "avg_steps_success": 31.74074074074074,
      "avg_steps_failure": 35.58904109589041
    }
  ],
  "final_sr": 0.27,
  "final_dr": 0.23231574589389292
}