{
  "eval_log": [
    {
      "training_episode": 0,
      "eval_success_rate": 0.37,
      "eval_avg_return": 0.37,
      "eval_avg_discounted_return": 0.3283018302143148,
      "avg_steps_success": 25.972972972972972,
      "avg_steps_failure": 22.793650793650794
    }
  ],
  "final_sr": 0.37,
  "final_dr": 0.3283018302143148
}