{
  "eval_log": [
    {
      "training_episode": 0,
      "eval_success_rate": 0.28,
      "eval_avg_return": 0.28,
      "eval_avg_discounted_return": 0.23280653028841086,
      "avg_steps_success": 38.75,
      "avg_steps_failure": 46.47222222222222
    }
  ],
  "final_sr": 0.28,
  "final_dr": 0.23280653028841086
}