{
  "eval_log": [
    {
      "training_episode": 0,
      "eval_success_rate": 0.36,
      "eval_avg_return": 0.36,
      "eval_avg_discounted_return": 0.3114756600702922,
      "avg_steps_success": 31.72222222222222,
      "avg_steps_failure": 26.4375
    }
  ],
  "final_sr": 0.36,
  "final_dr": 0.3114756600702922
}