{
  "eval_log": [
    {
      "training_episode": 0,
      "eval_success_rate": 0.41,
      "eval_avg_return": 0.41,
      "eval_avg_discounted_return": 0.3499453329631132,
      "avg_steps_success": 33.4390243902439,
      "avg_steps_failure": 37.186440677966104
    }
  ],
  "final_sr": 0.41,
  "final_dr": 0.3499453329631132
}