{
  "eval_log": [
    {
      "training_episode": 0,
      "eval_success_rate": 0.29,
      "eval_avg_return": 0.29,
      "eval_avg_discounted_return": 0.2468758092057144,
      "avg_steps_success": 34.48275862068966,
      "avg_steps_failure": 33.7887323943662
    }
  ],
  "final_sr": 0.29,
  "final_dr": 0.2468758092057144
}