{
  "eval_log": [
    {
      "training_episode": 0,
      "eval_success_rate": 0.31,
      "eval_avg_return": 0.31,
      "eval_avg_discounted_return": 0.26311594000516364,
      "avg_steps_success": 34.61290322580645,
      "avg_steps_failure": 35.608695652173914
    }
  ],
  "final_sr": 0.31,
  "final_dr": 0.26311594000516364
}