{
  "eval_log": [
    {
      "training_episode": 0,
      "eval_success_rate": 0.32,
      "eval_avg_return": 0.32,
      "eval_avg_discounted_return": 0.28691715141156204,
      "avg_steps_success": 23.9375,
      "avg_steps_failure": 27.058823529411764
    }
  ],
  "final_sr": 0.32,
  "final_dr": 0.28691715141156204
}