{
  "eval_log": [
    {
      "training_episode": 0,
      "eval_success_rate": 0.28,
      "eval_avg_return": 0.28,
      "eval_avg_discounted_return": 0.22905130156586317,
      "avg_steps_success": 42.42857142857143,
      "avg_steps_failure": 38.375
    }
  ],
  "final_sr": 0.28,
  "final_dr": 0.22905130156586317
}