{
  "eval_log": [
    {
      "training_episode": 0,
      "eval_success_rate": 0.26,
      "eval_avg_return": 0.26,
      "eval_avg_discounted_return": 0.22080427800800334,
      "avg_steps_success": 34.80769230769231,
      "avg_steps_failure": 35.13513513513514
    }
  ],
  "final_sr": 0.26,
  "final_dr": 0.22080427800800334
}