{
  "eval_log": [
    {
      "training_episode": 0,
      "eval_success_rate": 0.33,
      "eval_avg_return": 0.33,
      "eval_avg_discounted_return": 0.27729445717335977,
      "avg_steps_success": 36.696969696969695,
      "avg_steps_failure": 35.97014925373134
    }
  ],
  "final_sr": 0.33,
  "final_dr": 0.27729445717335977
}