{
  "eval_log": [
    {
      "training_episode": 0,
      "eval_success_rate": 0.24,
      "eval_avg_return": 0.24,
      "eval_avg_discounted_return": 0.21291827360090942,
      "avg_steps_success": 25.708333333333332,
      "avg_steps_failure": 38.68421052631579
    }
  ],
  "final_sr": 0.24,
  "final_dr": 0.21291827360090942
}