{
  "eval_log": [
    {
      "training_episode": 0,
      "eval_success_rate": 0.31,
      "eval_avg_return": 0.31,
      "eval_avg_discounted_return": 0.25611049223500687,
      "avg_steps_success": 40.25806451612903,
      "avg_steps_failure": 42.65217391304348
    }
  ],
  "final_sr": 0.31,
  "final_dr": 0.25611049223500687
}