{
  "eval_log": [
    {
      "training_episode": 0,
      "eval_success_rate": 0.28,
      "eval_avg_return": 0.28,
      "eval_avg_discounted_return": 0.23918333529937275,
      "avg_steps_success": 33.642857142857146,
      "avg_steps_failure": 23.15277777777778
    }
  ],
  "final_sr": 0.28,
  "final_dr": 0.23918333529937275
}