{
  "eval_log": [
    {
      "training_episode": 0,
      "eval_success_rate": 0.26,
      "eval_avg_return": 0.26,
      "eval_avg_discounted_return": 0.23356364725146497,
      "avg_steps_success": 22.923076923076923,
      "avg_steps_failure": 31.58108108108108
    }
  ],
  "final_sr": 0.26,
  "final_dr": 0.23356364725146497
}