{
  "eval_log": [
    {
      "training_episode": 0,
      "eval_success_rate": 0.27,
      "eval_avg_return": 0.27,
      "eval_avg_discounted_return": 0.22279415689051552,
      "avg_steps_success": 40.7037037037037,
      "avg_steps_failure": 36.54794520547945
    }
  ],
  "final_sr": 0.27,
  "final_dr": 0.22279415689051552
}