{
  "eval_log": [
    {
      "training_episode": 0,
      "eval_success_rate": 0.26,
      "eval_avg_return": 0.26,
      "eval_avg_discounted_return": 0.2205898727074051,
      "avg_steps_success": 34.61538461538461,
      "avg_steps_failure": 30.027027027027028
    }
  ],
  "final_sr": 0.26,
  "final_dr": 0.2205898727074051
}