{
  "eval_log": [
    {
      "training_episode": 0,
      "eval_success_rate": 0.25,
      "eval_avg_return": 0.25,
      "eval_avg_discounted_return": 0.22569249128459984,
      "avg_steps_success": 22.0,
      "avg_steps_failure": 24.69333333333333
    }
  ],
  "final_sr": 0.25,
  "final_dr": 0.22569249128459984
}