{
  "eval_log": [
    {
      "training_episode": 0,
      "eval_success_rate": 0.3,
      "eval_avg_return": 0.3,
      "eval_avg_discounted_return": 0.2694481032871953,
      "avg_steps_success": 23.5,
      "avg_steps_failure": 26.885714285714286
    }
  ],
  "final_sr": 0.3,
  "final_dr": 0.2694481032871953
}