{
  "eval_log": [
    {
      "training_episode": 0,
      "eval_success_rate": 0.38,
      "eval_avg_return": 0.38,
      "eval_avg_discounted_return": 0.32598087295091566,
      "avg_steps_success": 32.44736842105263,
      "avg_steps_failure": 39.274193548387096
    }
  ],
  "final_sr": 0.38,
  "final_dr": 0.32598087295091566
}