{
  "eval_log": [
    {
      "training_episode": 0,
      "eval_success_rate": 0.38,
      "eval_avg_return": 0.38,
      "eval_avg_discounted_return": 0.31547120407377927,
      "avg_steps_success": 39.28947368421053,
      "avg_steps_failure": 32.5
    }
  ],
  "final_sr": 0.38,
  "final_dr": 0.31547120407377927
}