{
  "eval_log": [
    {
      "training_episode": 0,
      "eval_success_rate": 0.37,
      "eval_avg_return": 0.37,
      "eval_avg_discounted_return": 0.3155618121363784,
      "avg_steps_success": 33.513513513513516,
      "avg_steps_failure": 32.317460317460316
    }
  ],
  "final_sr": 0.37,
  "final_dr": 0.3155618121363784
}