{
  "eval_log": [
    {
      "training_episode": 0,
      "eval_success_rate": 0.28,
      "eval_avg_return": 0.28,
      "eval_avg_discounted_return": 0.25128087535390564,
      "avg_steps_success": 23.642857142857142,
      "avg_steps_failure": 27.97222222222222
    }
  ],
  "final_sr": 0.28,
  "final_dr": 0.25128087535390564
}