{
  "eval_log": [
    {
      "training_episode": 0,
      "eval_success_rate": 0.29,
      "eval_avg_return": 0.29,
      "eval_avg_discounted_return": 0.25552607573685465,
      "avg_steps_success": 26.724137931034484,
      "avg_steps_failure": 35.985915492957744
    }
  ],
  "final_sr": 0.29,
  "final_dr": 0.25552607573685465
}