{
  "eval_log": [
    {
      "training_episode": 0,
      "eval_success_rate": 0.36,
      "eval_avg_return": 0.36,
      "eval_avg_discounted_return": 0.30525955694911544,
      "avg_steps_success": 34.97222222222222,
      "avg_steps_failure": 36.078125
    }
  ],
  "final_sr": 0.36,
  "final_dr": 0.30525955694911544
}