{
  "eval_log": [
    {
      "training_episode": 0,
      "eval_success_rate": 0.29,
      "eval_avg_return": 0.29,
      "eval_avg_discounted_return": 0.25231178341496724,
      "avg_steps_success": 30.551724137931036,
      "avg_steps_failure": 32.76056338028169
    }
  ],
  "final_sr": 0.29,
  "final_dr": 0.25231178341496724
}