{
  "eval_log": [
    {
      "training_episode": 0,
      "eval_success_rate": 0.34,
      "eval_avg_return": 0.34,
      "eval_avg_discounted_return": 0.28169218196445295,
      "avg_steps_success": 39.88235294117647,
      "avg_steps_failure": 37.43939393939394
    }
  ],
  "final_sr": 0.34,
  "final_dr": 0.28169218196445295
}