{
  "eval_log": [
    {
      "training_episode": 0,
      "eval_success_rate": 0.28,
      "eval_avg_return": 0.28,
      "eval_avg_discounted_return": 0.249747168038929,
      "avg_steps_success": 24.964285714285715,
      "avg_steps_failure": 31.01388888888889
    }
  ],
  "final_sr": 0.28,
  "final_dr": 0.249747168038929
}