{
  "eval_log": [
    {
      "training_episode": 0,
      "eval_success_rate": 0.36,
      "eval_avg_return": 0.36,
      "eval_avg_discounted_return": 0.2990591081739198,
      "avg_steps_success": 39.083333333333336,
      "avg_steps_failure": 29.953125
    }
  ],
  "final_sr": 0.36,
  "final_dr": 0.2990591081739198
}