{
  "eval_log": [
    {
      "training_episode": 0,
      "eval_success_rate": 0.4,
      "eval_avg_return": 0.4,
      "eval_avg_discounted_return": 0.3305722031841938,
      "avg_steps_success": 40.275,
      "avg_steps_failure": 35.68333333333333
    }
  ],
  "final_sr": 0.4,
  "final_dr": 0.3305722031841938
}