{
  "eval_log": [
    {
      "training_episode": 0,
      "eval_success_rate": 0.33,
      "eval_avg_return": 0.33,
      "eval_avg_discounted_return": 0.285610788514335,
      "avg_steps_success": 31.303030303030305,
      "avg_steps_failure": 23.238805970149254
    }
  ],
  "final_sr": 0.33,
  "final_dr": 0.285610788514335
}