{
  "eval_log": [
    {
      "training_episode": 0,
      "eval_success_rate": 0.27,
      "eval_avg_return": 0.27,
      "eval_avg_discounted_return": 0.22772037740990692,
      "avg_steps_success": 36.0,
      "avg_steps_failure": 36.45205479452055
    }
  ],
  "final_sr": 0.27,
  "final_dr": 0.22772037740990692
}