{
  "eval_log": [
    {
      "training_episode": 0,
      "eval_success_rate": 0.35,
      "eval_avg_return": 0.35,
      "eval_avg_discounted_return": 0.2906616117258691,
      "avg_steps_success": 39.542857142857144,
      "avg_steps_failure": 35.723076923076924
    }
  ],
  "final_sr": 0.35,
  "final_dr": 0.2906616117258691
}