{
  "eval_log": [
    {
      "training_episode": 0,
      "eval_success_rate": 0.33,
      "eval_avg_return": 0.33,
      "eval_avg_discounted_return": 0.294044752632435,
      "avg_steps_success": 25.21212121212121,
      "avg_steps_failure": 30.47761194029851
    }
  ],
  "final_sr": 0.33,
  "final_dr": 0.294044752632435
}