{
  "eval_log": [
    {
      "training_episode": 0,
      "eval_success_rate": 0.32,
      "eval_avg_return": 0.32,
      "eval_avg_discounted_return": 0.2689643017282102,
      "avg_steps_success": 36.59375,
      "avg_steps_failure": 39.720588235294116
    }
  ],
  "final_sr": 0.32,
  "final_dr": 0.2689643017282102
}