{
  "eval_log": [
    {
      "training_episode": 0,
      "eval_success_rate": 0.36,
      "eval_avg_return": 0.36,
      "eval_avg_discounted_return": 0.31782516390341775,
      "avg_steps_success": 27.166666666666668,
      "avg_steps_failure": 24.640625
    }
  ],
  "final_sr": 0.36,
  "final_dr": 0.31782516390341775
}