{
  "eval_log": [
    {
      "training_episode": 0,
      "eval_success_rate": 0.26,
      "eval_avg_return": 0.26,
      "eval_avg_discounted_return": 0.21867531514688807,
      "avg_steps_success": 36.69230769230769,
      "avg_steps_failure": 38.78378378378378
    }
  ],
  "final_sr": 0.26,
  "final_dr": 0.21867531514688807
}