{
  "eval_log": [
    {
      "training_episode": 0,
      "eval_success_rate": 0.28,
      "eval_avg_return": 0.28,
      "eval_avg_discounted_return": 0.2359795387162419,
      "avg_steps_success": 36.892857142857146,
      "avg_steps_failure": 47.263888888888886
    }
  ],
  "final_sr": 0.28,
  "final_dr": 0.2359795387162419
}