{
  "eval_log": [
    {
      "training_episode": 0,
      "eval_success_rate": 0.34,
      "eval_avg_return": 0.34,
      "eval_avg_discounted_return": 0.28805941465603213,
      "avg_steps_success": 35.23529411764706,
      "avg_steps_failure": 37.833333333333336
    }
  ],
  "final_sr": 0.34,
  "final_dr": 0.28805941465603213
}