{
  "eval_log": [
    {
      "training_episode": 0,
      "eval_success_rate": 0.41,
      "eval_avg_return": 0.41,
      "eval_avg_discounted_return": 0.34598584128377374,
      "avg_steps_success": 35.97560975609756,
      "avg_steps_failure": 37.76271186440678
    }
  ],
  "final_sr": 0.41,
  "final_dr": 0.34598584128377374
}