{
  "eval_log": [
    {
      "training_episode": 0,
      "eval_success_rate": 0.34,
      "eval_avg_return": 0.34,
      "eval_avg_discounted_return": 0.2850803321769469,
      "avg_steps_success": 37.11764705882353,
      "avg_steps_failure": 35.93939393939394
    }
  ],
  "final_sr": 0.34,
  "final_dr": 0.2850803321769469
}