{
  "eval_log": [
    {
      "training_episode": 0,
      "eval_success_rate": 0.32,
      "eval_avg_return": 0.32,
      "eval_avg_discounted_return": 0.27589392365723847,
      "avg_steps_success": 31.59375,
      "avg_steps_failure": 38.85294117647059
    }
  ],
  "final_sr": 0.32,
  "final_dr": 0.27589392365723847
}