{
  "eval_log": [
    {
      "training_episode": 0,
      "eval_success_rate": 0.28,
      "eval_avg_return": 0.28,
      "eval_avg_discounted_return": 0.23669007590267568,
      "avg_steps_success": 36.035714285714285,
      "avg_steps_failure": 40.93055555555556
    }
  ],
  "final_sr": 0.28,
  "final_dr": 0.23669007590267568
}