{
  "eval_log": [
    {
      "training_episode": 0,
      "eval_success_rate": 0.27,
      "eval_avg_return": 0.27,
      "eval_avg_discounted_return": 0.21983757678547478,
      "avg_steps_success": 43.25925925925926,
      "avg_steps_failure": 43.23287671232877
    }
  ],
  "final_sr": 0.27,
  "final_dr": 0.21983757678547478
}