{
  "eval_log": [
    {
      "training_episode": 0,
      "eval_success_rate": 0.29,
      "eval_avg_return": 0.29,
      "eval_avg_discounted_return": 0.2538588667739342,
      "avg_steps_success": 28.137931034482758,
      "avg_steps_failure": 35.71830985915493
    }
  ],
  "final_sr": 0.29,
  "final_dr": 0.2538588667739342
}