{
  "eval_log": [
    {
      "training_episode": 0,
      "eval_success_rate": 0.29,
      "eval_avg_return": 0.29,
      "eval_avg_discounted_return": 0.26715050087062037,
      "avg_steps_success": 17.93103448275862,
      "avg_steps_failure": 25.95774647887324
    }
  ],
  "final_sr": 0.29,
  "final_dr": 0.26715050087062037
}