{
  "eval_log": [
    {
      "training_episode": 0,
      "eval_success_rate": 0.31,
      "eval_avg_return": 0.31,
      "eval_avg_discounted_return": 0.2582733649266298,
      "avg_steps_success": 38.38709677419355,
      "avg_steps_failure": 35.507246376811594
    }
  ],
  "final_sr": 0.31,
  "final_dr": 0.2582733649266298
}