{
  "eval_log": [
    {
      "training_episode": 0,
      "eval_success_rate": 0.35,
      "eval_avg_return": 0.35,
      "eval_avg_discounted_return": 0.30838592668428944,
      "avg_steps_success": 27.285714285714285,
      "avg_steps_failure": 29.092307692307692
    }
  ],
  "final_sr": 0.35,
  "final_dr": 0.30838592668428944
}