{
  "eval_log": [
    {
      "training_episode": 0,
      "eval_success_rate": 0.31,
      "eval_avg_return": 0.31,
      "eval_avg_discounted_return": 0.2582303189497056,
      "avg_steps_success": 38.67741935483871,
      "avg_steps_failure": 37.56521739130435
    }
  ],
  "final_sr": 0.31,
  "final_dr": 0.2582303189497056
}