{
  "eval_log": [
    {
      "training_episode": 0,
      "eval_success_rate": 0.3,
      "eval_avg_return": 0.3,
      "eval_avg_discounted_return": 0.2517847552969485,
      "avg_steps_success": 36.96666666666667,
      "avg_steps_failure": 33.2
    }
  ],
  "final_sr": 0.3,
  "final_dr": 0.2517847552969485
}