{
  "eval_log": [
    {
      "training_episode": 0,
      "eval_success_rate": 0.36,
      "eval_avg_return": 0.36,
      "eval_avg_discounted_return": 0.31573732713953356,
      "avg_steps_success": 28.47222222222222,
      "avg_steps_failure": 32.3125
    }
  ],
  "final_sr": 0.36,
  "final_dr": 0.31573732713953356
}