{
  "eval_log": [
    {
      "training_episode": 0,
      "eval_success_rate": 0.38,
      "eval_avg_return": 0.38,
      "eval_avg_discounted_return": 0.3348773752390206,
      "avg_steps_success": 27.57894736842105,
      "avg_steps_failure": 26.93548387096774
    }
  ],
  "final_sr": 0.38,
  "final_dr": 0.3348773752390206
}