{
  "eval_log": [
    {
      "training_episode": 0,
      "eval_success_rate": 0.3,
      "eval_avg_return": 0.3,
      "eval_avg_discounted_return": 0.2508277517924633,
      "avg_steps_success": 38.166666666666664,
      "avg_steps_failure": 36.42857142857143
    }
  ],
  "final_sr": 0.3,
  "final_dr": 0.2508277517924633
}