{
  "eval_log": [
    {
      "training_episode": 0,
      "eval_success_rate": 0.34,
      "eval_avg_return": 0.34,
      "eval_avg_discounted_return": 0.28899479334769135,
      "avg_steps_success": 34.470588235294116,
      "avg_steps_failure": 39.015151515151516
    }
  ],
  "final_sr": 0.34,
  "final_dr": 0.28899479334769135
}