{
  "eval_log": [
    {
      "training_episode": 0,
      "eval_success_rate": 0.23,
      "eval_avg_return": 0.23,
      "eval_avg_discounted_return": 0.20804265654154,
      "avg_steps_success": 21.434782608695652,
      "avg_steps_failure": 31.051948051948052
    }
  ],
  "final_sr": 0.23,
  "final_dr": 0.20804265654154
}