{
  "eval_log": [
    {
      "training_episode": 0,
      "eval_success_rate": 0.27,
      "eval_avg_return": 0.27,
      "eval_avg_discounted_return": 0.22715142219220844,
      "avg_steps_success": 36.03703703703704,
      "avg_steps_failure": 36.49315068493151
    }
  ],
  "final_sr": 0.27,
  "final_dr": 0.22715142219220844
}