{
  "eval_log": [
    {
      "training_episode": 0,
      "eval_success_rate": 0.35,
      "eval_avg_return": 0.35,
      "eval_avg_discounted_return": 0.31559509377720546,
      "avg_steps_success": 22.4,
      "avg_steps_failure": 27.93846153846154
    }
  ],
  "final_sr": 0.35,
  "final_dr": 0.31559509377720546
}