{
  "eval_log": [
    {
      "training_episode": 0,
      "eval_success_rate": 0.3,
      "eval_avg_return": 0.3,
      "eval_avg_discounted_return": 0.2513155167382667,
      "avg_steps_success": 37.833333333333336,
      "avg_steps_failure": 39.55714285714286
    }
  ],
  "final_sr": 0.3,
  "final_dr": 0.2513155167382667
}