{
  "eval_log": [
    {
      "training_episode": 0,
      "eval_success_rate": 0.33,
      "eval_avg_return": 0.33,
      "eval_avg_discounted_return": 0.27519853482954626,
      "avg_steps_success": 38.60606060606061,
      "avg_steps_failure": 41.44776119402985
    }
  ],
  "final_sr": 0.33,
  "final_dr": 0.27519853482954626
}