{
  "eval_log": [
    {
      "training_episode": 0,
      "eval_success_rate": 0.32,
      "eval_avg_return": 0.32,
      "eval_avg_discounted_return": 0.2778990910367282,
      "avg_steps_success": 30.3125,
      "avg_steps_failure": 26.455882352941178
    }
  ],
  "final_sr": 0.32,
  "final_dr": 0.2778990910367282
}