{
  "eval_log": [
    {
      "training_episode": 0,
      "eval_success_rate": 0.31,
      "eval_avg_return": 0.31,
      "eval_avg_discounted_return": 0.2695783247351444,
      "avg_steps_success": 30.64516129032258,
      "avg_steps_failure": 31.420289855072465
    }
  ],
  "final_sr": 0.31,
  "final_dr": 0.2695783247351444
}