{
  "eval_log": [
    {
      "training_episode": 0,
      "eval_success_rate": 0.23,
      "eval_avg_return": 0.23,
      "eval_avg_discounted_return": 0.18873902649573032,
      "avg_steps_success": 41.65217391304348,
      "avg_steps_failure": 37.94805194805195
    }
  ],
  "final_sr": 0.23,
  "final_dr": 0.18873902649573032
}