{
  "eval_log": [
    {
      "training_episode": 0,
      "eval_success_rate": 0.36,
      "eval_avg_return": 0.36,
      "eval_avg_discounted_return": 0.3111365641591413,
      "avg_steps_success": 31.13888888888889,
      "avg_steps_failure": 38.046875
    }
  ],
  "final_sr": 0.36,
  "final_dr": 0.3111365641591413
}