{
  "eval_log": [
    {
      "training_episode": 0,
      "eval_success_rate": 0.33,
      "eval_avg_return": 0.33,
      "eval_avg_discounted_return": 0.2974046051878118,
      "avg_steps_success": 22.393939393939394,
      "avg_steps_failure": 23.850746268656717
    }
  ],
  "final_sr": 0.33,
  "final_dr": 0.2974046051878118
}