{
  "eval_log": [
    {
      "training_episode": 0,
      "eval_success_rate": 0.23,
      "eval_avg_return": 0.23,
      "eval_avg_discounted_return": 0.2111251172156544,
      "avg_steps_success": 18.652173913043477,
      "avg_steps_failure": 20.181818181818183
    }
  ],
  "final_sr": 0.23,
  "final_dr": 0.2111251172156544
}