{
  "eval_log": [
    {
      "training_episode": 0,
      "eval_success_rate": 0.28,
      "eval_avg_return": 0.28,
      "eval_avg_discounted_return": 0.23359726960339597,
      "avg_steps_success": 38.5,
      "avg_steps_failure": 34.208333333333336
    }
  ],
  "final_sr": 0.28,
  "final_dr": 0.23359726960339597
}