{
  "eval_log": [
    {
      "training_episode": 0,
      "eval_success_rate": 0.26,
      "eval_avg_return": 0.26,
      "eval_avg_discounted_return": 0.21115386318490115,
      "avg_steps_success": 44.23076923076923,
      "avg_steps_failure": 36.16216216216216
    }
  ],
  "final_sr": 0.26,
  "final_dr": 0.21115386318490115
}