{
  "eval_log": [
    {
      "training_episode": 0,
      "eval_success_rate": 0.31,
      "eval_avg_return": 0.31,
      "eval_avg_discounted_return": 0.2705766320467545,
      "avg_steps_success": 29.548387096774192,
      "avg_steps_failure": 26.942028985507246
    }
  ],
  "final_sr": 0.31,
  "final_dr": 0.2705766320467545
}