{
  "eval_log": [
    {
      "training_episode": 0,
      "eval_success_rate": 0.32,
      "eval_avg_return": 0.32,
      "eval_avg_discounted_return": 0.27168379952503097,
      "avg_steps_success": 34.78125,
      "avg_steps_failure": 42.0735294117647
    }
  ],
  "final_sr": 0.32,
  "final_dr": 0.27168379952503097
}