{
  "eval_log": [
    {
      "training_episode": 0,
      "eval_success_rate": 0.26,
      "eval_avg_return": 0.26,
      "eval_avg_discounted_return": 0.22425455632407168,
      "avg_steps_success": 31.653846153846153,
      "avg_steps_failure": 25.445945945945947
    }
  ],
  "final_sr": 0.26,
  "final_dr": 0.22425455632407168
}