{
  "eval_log": [
    {
      "training_episode": 0,
      "eval_success_rate": 0.34,
      "eval_avg_return": 0.34,
      "eval_avg_discounted_return": 0.2773355798714394,
      "avg_steps_success": 42.73529411764706,
      "avg_steps_failure": 37.5
    }
  ],
  "final_sr": 0.34,
  "final_dr": 0.2773355798714394
}