{
  "eval_log": [
    {
      "training_episode": 0,
      "eval_success_rate": 0.31,
      "eval_avg_return": 0.31,
      "eval_avg_discounted_return": 0.26439770794426226,
      "avg_steps_success": 33.45161290322581,
      "avg_steps_failure": 36.56521739130435
    }
  ],
  "final_sr": 0.31,
  "final_dr": 0.26439770794426226
}