{
  "eval_log": [
    {
      "training_episode": 0,
      "eval_success_rate": 0.23,
      "eval_avg_return": 0.23,
      "eval_avg_discounted_return": 0.1978802252530114,
      "avg_steps_success": 33.08695652173913,
      "avg_steps_failure": 27.623376623376622
    }
  ],
  "final_sr": 0.23,
  "final_dr": 0.1978802252530114
}