{
  "eval_log": [
    {
      "training_episode": 0,
      "eval_success_rate": 0.31,
      "eval_avg_return": 0.31,
      "eval_avg_discounted_return": 0.26671074409777673,
      "avg_steps_success": 31.903225806451612,
      "avg_steps_failure": 36.46376811594203
    }
  ],
  "final_sr": 0.31,
  "final_dr": 0.26671074409777673
}