{
  "eval_log": [
    {
      "training_episode": 0,
      "eval_success_rate": 0.31,
      "eval_avg_return": 0.31,
      "eval_avg_discounted_return": 0.27084677458101025,
      "avg_steps_success": 29.548387096774192,
      "avg_steps_failure": 30.753623188405797
    }
  ],
  "final_sr": 0.31,
  "final_dr": 0.27084677458101025
}