{
  "eval_log": [
    {
      "training_episode": 0,
      "eval_success_rate": 0.26,
      "eval_avg_return": 0.26,
      "eval_avg_discounted_return": 0.22521984118109065,
      "avg_steps_success": 30.923076923076923,
      "avg_steps_failure": 42.7027027027027
    }
  ],
  "final_sr": 0.26,
  "final_dr": 0.22521984118109065
}