{
  "eval_log": [
    {
      "training_episode": 0,
      "eval_success_rate": 0.42,
      "eval_avg_return": 0.42,
      "eval_avg_discounted_return": 0.37380939879185454,
      "avg_steps_success": 25.166666666666668,
      "avg_steps_failure": 29.413793103448278
    }
  ],
  "final_sr": 0.42,
  "final_dr": 0.37380939879185454
}