{
  "eval_log": [
    {
      "training_episode": 0,
      "eval_success_rate": 0.33,
      "eval_avg_return": 0.33,
      "eval_avg_discounted_return": 0.29342154026719536,
      "avg_steps_success": 25.272727272727273,
      "avg_steps_failure": 34.701492537313435
    }
  ],
  "final_sr": 0.33,
  "final_dr": 0.29342154026719536
}