{
  "eval_log": [
    {
      "training_episode": 0,
      "eval_success_rate": 0.32,
      "eval_avg_return": 0.32,
      "eval_avg_discounted_return": 0.27593044014213136,
      "avg_steps_success": 31.65625,
      "avg_steps_failure": 32.69117647058823
    }
  ],
  "final_sr": 0.32,
  "final_dr": 0.27593044014213136
}