{
  "eval_log": [
    {
      "training_episode": 0,
      "eval_success_rate": 0.22,
      "eval_avg_return": 0.22,
      "eval_avg_discounted_return": 0.1905861754439453,
      "avg_steps_success": 30.227272727272727,
      "avg_steps_failure": 37.833333333333336
    }
  ],
  "final_sr": 0.22,
  "final_dr": 0.1905861754439453
}