{
  "eval_log": [
    {
      "training_episode": 0,
      "eval_success_rate": 0.23,
      "eval_avg_return": 0.23,
      "eval_avg_discounted_return": 0.19893972134201132,
      "avg_steps_success": 30.869565217391305,
      "avg_steps_failure": 35.12987012987013
    }
  ],
  "final_sr": 0.23,
  "final_dr": 0.19893972134201132
}