{
  "eval_log": [
    {
      "training_episode": 0,
      "eval_success_rate": 0.32,
      "eval_avg_return": 0.32,
      "eval_avg_discounted_return": 0.2875142352160206,
      "avg_steps_success": 23.46875,
      "avg_steps_failure": 29.514705882352942
    }
  ],
  "final_sr": 0.32,
  "final_dr": 0.2875142352160206
}