{
  "eval_log": [
    {
      "training_episode": 0,
      "eval_success_rate": 0.3,
      "eval_avg_return": 0.3,
      "eval_avg_discounted_return": 0.2657550313499778,
      "avg_steps_success": 26.466666666666665,
      "avg_steps_failure": 28.942857142857143
    }
  ],
  "final_sr": 0.3,
  "final_dr": 0.2657550313499778
}