{
  "eval_log": [
    {
      "training_episode": 0,
      "eval_success_rate": 0.28,
      "eval_avg_return": 0.28,
      "eval_avg_discounted_return": 0.23761676600526938,
      "avg_steps_success": 34.57142857142857,
      "avg_steps_failure": 41.208333333333336
    }
  ],
  "final_sr": 0.28,
  "final_dr": 0.23761676600526938
}