{
  "eval_log": [
    {
      "training_episode": 0,
      "eval_success_rate": 0.29,
      "eval_avg_return": 0.29,
      "eval_avg_discounted_return": 0.24942134886031597,
      "avg_steps_success": 31.79310344827586,
      "avg_steps_failure": 35.32394366197183
    }
  ],
  "final_sr": 0.29,
  "final_dr": 0.24942134886031597
}