{
  "eval_log": [
    {
      "training_episode": 0,
      "eval_success_rate": 0.35,
      "eval_avg_return": 0.35,
      "eval_avg_discounted_return": 0.3069559960006449,
      "avg_steps_success": 29.02857142857143,
      "avg_steps_failure": 22.215384615384615
    }
  ],
  "final_sr": 0.35,
  "final_dr": 0.3069559960006449
}