{
  "eval_log": [
    {
      "training_episode": 0,
      "eval_success_rate": 0.3,
      "eval_avg_return": 0.3,
      "eval_avg_discounted_return": 0.24569493205607476,
      "avg_steps_success": 42.46666666666667,
      "avg_steps_failure": 42.27142857142857
    }
  ],
  "final_sr": 0.3,
  "final_dr": 0.24569493205607476
}