{
  "eval_log": [
    {
      "training_episode": 0,
      "eval_success_rate": 0.38,
      "eval_avg_return": 0.38,
      "eval_avg_discounted_return": 0.3212122940916231,
      "avg_steps_success": 35.26315789473684,
      "avg_steps_failure": 42.16129032258065
    }
  ],
  "final_sr": 0.38,
  "final_dr": 0.3212122940916231
}