{
  "eval_log": [
    {
      "training_episode": 0,
      "eval_success_rate": 0.26,
      "eval_avg_return": 0.26,
      "eval_avg_discounted_return": 0.21420927021657601,
      "avg_steps_success": 40.53846153846154,
      "avg_steps_failure": 40.25675675675676
    }
  ],
  "final_sr": 0.26,
  "final_dr": 0.21420927021657601
}