{
  "eval_log": [
    {
      "training_episode": 0,
      "eval_success_rate": 0.22,
      "eval_avg_return": 0.22,
      "eval_avg_discounted_return": 0.17847239277500623,
      "avg_steps_success": 44.68181818181818,
      "avg_steps_failure": 38.14102564102564
    }
  ],
  "final_sr": 0.22,
  "final_dr": 0.17847239277500623
}