{
  "eval_log": [
    {
      "training_episode": 0,
      "eval_success_rate": 0.3,
      "eval_avg_return": 0.3,
      "eval_avg_discounted_return": 0.2497388720244613,
      "avg_steps_success": 38.43333333333333,
      "avg_steps_failure": 35.74285714285714
    }
  ],
  "final_sr": 0.3,
  "final_dr": 0.2497388720244613
}