{
  "eval_log": [
    {
      "training_episode": 0,
      "eval_success_rate": 0.37,
      "eval_avg_return": 0.37,
      "eval_avg_discounted_return": 0.32544604800540433,
      "avg_steps_success": 27.62162162162162,
      "avg_steps_failure": 25.714285714285715
    }
  ],
  "final_sr": 0.37,
  "final_dr": 0.32544604800540433
}