{
  "eval_log": [
    {
      "training_episode": 0,
      "eval_success_rate": 0.26,
      "eval_avg_return": 0.26,
      "eval_avg_discounted_return": 0.23064254737063788,
      "avg_steps_success": 26.192307692307693,
      "avg_steps_failure": 26.054054054054053
    }
  ],
  "final_sr": 0.26,
  "final_dr": 0.23064254737063788
}