{
  "eval_log": [
    {
      "training_episode": 0,
      "eval_success_rate": 0.31,
      "eval_avg_return": 0.31,
      "eval_avg_discounted_return": 0.265491531414321,
      "avg_steps_success": 32.83870967741935,
      "avg_steps_failure": 36.17391304347826
    }
  ],
  "final_sr": 0.31,
  "final_dr": 0.265491531414321
}