{
  "eval_log": [
    {
      "training_episode": 0,
      "eval_success_rate": 0.31,
      "eval_avg_return": 0.31,
      "eval_avg_discounted_return": 0.2713429437214943,
      "avg_steps_success": 28.612903225806452,
      "avg_steps_failure": 34.31884057971015
    }
  ],
  "final_sr": 0.31,
  "final_dr": 0.2713429437214943
}