{
  "eval_log": [
    {
      "training_episode": 0,
      "eval_success_rate": 0.29,
      "eval_avg_return": 0.29,
      "eval_avg_discounted_return": 0.2540803283709607,
      "avg_steps_success": 28.79310344827586,
      "avg_steps_failure": 28.859154929577464
    }
  ],
  "final_sr": 0.29,
  "final_dr": 0.2540803283709607
}