{
  "eval_log": [
    {
      "training_episode": 0,
      "eval_success_rate": 0.24,
      "eval_avg_return": 0.24,
      "eval_avg_discounted_return": 0.21153226562090446,
      "avg_steps_success": 27.916666666666668,
      "avg_steps_failure": 20.31578947368421
    }
  ],
  "final_sr": 0.24,
  "final_dr": 0.21153226562090446
}