{
  "eval_log": [
    {
      "training_episode": 0,
      "eval_success_rate": 0.34,
      "eval_avg_return": 0.34,
      "eval_avg_discounted_return": 0.2925417199335884,
      "avg_steps_success": 31.941176470588236,
      "avg_steps_failure": 32.06060606060606
    }
  ],
  "final_sr": 0.34,
  "final_dr": 0.2925417199335884
}