{
  "eval_log": [
    {
      "training_episode": 0,
      "eval_success_rate": 0.33,
      "eval_avg_return": 0.33,
      "eval_avg_discounted_return": 0.2757803818583023,
      "avg_steps_success": 37.72727272727273,
      "avg_steps_failure": 39.208955223880594
    }
  ],
  "final_sr": 0.33,
  "final_dr": 0.2757803818583023
}