{
  "eval_log": [
    {
      "training_episode": 0,
      "eval_success_rate": 0.22,
      "eval_avg_return": 0.22,
      "eval_avg_discounted_return": 0.18023881201309253,
      "avg_steps_success": 42.22727272727273,
      "avg_steps_failure": 34.37179487179487
    }
  ],
  "final_sr": 0.22,
  "final_dr": 0.18023881201309253
}