{
  "eval_log": [
    {
      "training_episode": 0,
      "eval_success_rate": 0.38,
      "eval_avg_return": 0.38,
      "eval_avg_discounted_return": 0.31473458216685485,
      "avg_steps_success": 40.10526315789474,
      "avg_steps_failure": 36.274193548387096
    }
  ],
  "final_sr": 0.38,
  "final_dr": 0.31473458216685485
}