{
  "eval_log": [
    {
      "training_episode": 0,
      "eval_success_rate": 0.38,
      "eval_avg_return": 0.38,
      "eval_avg_discounted_return": 0.315719571363154,
      "avg_steps_success": 39.1578947368421,
      "avg_steps_failure": 36.67741935483871
    }
  ],
  "final_sr": 0.38,
  "final_dr": 0.315719571363154
}