{
  "eval_log": [
    {
      "training_episode": 0,
      "eval_success_rate": 0.34,
      "eval_avg_return": 0.34,
      "eval_avg_discounted_return": 0.28776588693076044,
      "avg_steps_success": 35.26470588235294,
      "avg_steps_failure": 35.621212121212125
    }
  ],
  "final_sr": 0.34,
  "final_dr": 0.28776588693076044
}