{
  "eval_log": [
    {
      "training_episode": 0,
      "eval_success_rate": 0.35,
      "eval_avg_return": 0.35,
      "eval_avg_discounted_return": 0.2938264602655021,
      "avg_steps_success": 37.457142857142856,
      "avg_steps_failure": 39.89230769230769
    }
  ],
  "final_sr": 0.35,
  "final_dr": 0.2938264602655021
}