{
  "eval_log": [
    {
      "training_episode": 0,
      "eval_success_rate": 0.38,
      "eval_avg_return": 0.38,
      "eval_avg_discounted_return": 0.33958837561016525,
      "avg_steps_success": 24.36842105263158,
      "avg_steps_failure": 24.14516129032258
    }
  ],
  "final_sr": 0.38,
  "final_dr": 0.33958837561016525
}