{
  "eval_log": [
    {
      "training_episode": 0,
      "eval_success_rate": 0.35,
      "eval_avg_return": 0.35,
      "eval_avg_discounted_return": 0.2910428351563176,
      "avg_steps_success": 39.114285714285714,
      "avg_steps_failure": 42.815384615384616
    }
  ],
  "final_sr": 0.35,
  "final_dr": 0.2910428351563176
}