{
  "eval_log": [
    {
      "training_episode": 0,
      "eval_success_rate": 0.29,
      "eval_avg_return": 0.29,
      "eval_avg_discounted_return": 0.25200254538093414,
      "avg_steps_success": 29.586206896551722,
      "avg_steps_failure": 20.661971830985916
    }
  ],
  "final_sr": 0.29,
  "final_dr": 0.25200254538093414
}