{
  "eval_log": [
    {
      "training_episode": 0,
      "eval_success_rate": 0.42,
      "eval_avg_return": 0.42,
      "eval_avg_discounted_return": 0.3701652719463651,
      "avg_steps_success": 26.833333333333332,
      "avg_steps_failure": 18.29310344827586
    }
  ],
  "final_sr": 0.42,
  "final_dr": 0.3701652719463651
}