{
  "eval_log": [
    {
      "training_episode": 0,
      "eval_success_rate": 0.42,
      "eval_avg_return": 0.42,
      "eval_avg_discounted_return": 0.36458730523778393,
      "avg_steps_success": 30.0,
      "avg_steps_failure": 20.913793103448278
    }
  ],
  "final_sr": 0.42,
  "final_dr": 0.36458730523778393
}