{
  "eval_log": [
    {
      "training_episode": 0,
      "eval_success_rate": 0.36,
      "eval_avg_return": 0.36,
      "eval_avg_discounted_return": 0.3096372361739041,
      "avg_steps_success": 31.86111111111111,
      "avg_steps_failure": 19.5
    }
  ],
  "final_sr": 0.36,
  "final_dr": 0.3096372361739041
}