{
  "eval_log": [
    {
      "training_episode": 0,
      "eval_success_rate": 0.34,
      "eval_avg_return": 0.34,
      "eval_avg_discounted_return": 0.303301593533966,
      "avg_steps_success": 24.323529411764707,
      "avg_steps_failure": 19.106060606060606
    }
  ],
  "final_sr": 0.34,
  "final_dr": 0.303301593533966
}