{
  "eval_log": [
    {
      "training_episode": 0,
      "eval_success_rate": 0.36,
      "eval_avg_return": 0.36,
      "eval_avg_discounted_return": 0.3105204551913367,
      "avg_steps_success": 31.194444444444443,
      "avg_steps_failure": 18.90625
    }
  ],
  "final_sr": 0.36,
  "final_dr": 0.3105204551913367
}