{
  "eval_log": [
    {
      "training_episode": 0,
      "eval_success_rate": 0.34,
      "eval_avg_return": 0.34,
      "eval_avg_discounted_return": 0.30202599661868984,
      "avg_steps_success": 25.058823529411764,
      "avg_steps_failure": 20.227272727272727
    }
  ],
  "final_sr": 0.34,
  "final_dr": 0.30202599661868984
}