{
  "eval_log": [
    {
      "training_episode": 0,
      "eval_success_rate": 0.31,
      "eval_avg_return": 0.31,
      "eval_avg_discounted_return": 0.27052634733266817,
      "avg_steps_success": 28.903225806451612,
      "avg_steps_failure": 24.144927536231883
    }
  ],
  "final_sr": 0.31,
  "final_dr": 0.27052634733266817
}