{
  "eval_log": [
    {
      "training_episode": 0,
      "eval_success_rate": 0.4,
      "eval_avg_return": 0.4,
      "eval_avg_discounted_return": 0.34775084338626727,
      "avg_steps_success": 29.575,
      "avg_steps_failure": 19.616666666666667
    }
  ],
  "final_sr": 0.4,
  "final_dr": 0.34775084338626727
}