{
  "eval_log": [
    {
      "training_episode": 0,
      "eval_success_rate": 0.39,
      "eval_avg_return": 0.39,
      "eval_avg_discounted_return": 0.3396997025702136,
      "avg_steps_success": 29.256410256410255,
      "avg_steps_failure": 19.75409836065574
    }
  ],
  "final_sr": 0.39,
  "final_dr": 0.3396997025702136
}