{
  "eval_log": [
    {
      "training_episode": 0,
      "eval_success_rate": 0.31,
      "eval_avg_return": 0.31,
      "eval_avg_discounted_return": 0.26396139509621924,
      "avg_steps_success": 34.38709677419355,
      "avg_steps_failure": 18.52173913043478
    }
  ],
  "final_sr": 0.31,
  "final_dr": 0.26396139509621924
}