{
  "eval_log": [
    {
      "training_episode": 0,
      "eval_success_rate": 0.45,
      "eval_avg_return": 0.45,
      "eval_avg_discounted_return": 0.386061076100192,
      "avg_steps_success": 32.62222222222222,
      "avg_steps_failure": 20.527272727272727
    }
  ],
  "final_sr": 0.45,
  "final_dr": 0.386061076100192
}