{
  "eval_log": [
    {
      "training_episode": 0,
      "eval_success_rate": 0.45,
      "eval_avg_return": 0.45,
      "eval_avg_discounted_return": 0.3938666655854353,
      "avg_steps_success": 28.155555555555555,
      "avg_steps_failure": 20.381818181818183
    }
  ],
  "final_sr": 0.45,
  "final_dr": 0.3938666655854353
}