{
  "eval_log": [
    {
      "training_episode": 0,
      "eval_success_rate": 0.46,
      "eval_avg_return": 0.46,
      "eval_avg_discounted_return": 0.40743656507382087,
      "avg_steps_success": 25.58695652173913,
      "avg_steps_failure": 17.944444444444443
    }
  ],
  "final_sr": 0.46,
  "final_dr": 0.40743656507382087
}