{
  "eval_log": [
    {
      "training_episode": 0,
      "eval_success_rate": 0.33,
      "eval_avg_return": 0.33,
      "eval_avg_discounted_return": 0.2890524354351544,
      "avg_steps_success": 28.09090909090909,
      "avg_steps_failure": 18.955223880597014
    }
  ],
  "final_sr": 0.33,
  "final_dr": 0.2890524354351544
}