{
  "eval_log": [
    {
      "training_episode": 0,
      "eval_success_rate": 0.4,
      "eval_avg_return": 0.4,
      "eval_avg_discounted_return": 0.3418569801777967,
      "avg_steps_success": 33.4,
      "avg_steps_failure": 16.983333333333334
    }
  ],
  "final_sr": 0.4,
  "final_dr": 0.3418569801777967
}