{
  "eval_log": [
    {
      "training_episode": 0,
      "eval_success_rate": 0.43,
      "eval_avg_return": 0.43,
      "eval_avg_discounted_return": 0.370633091029611,
      "avg_steps_success": 31.6046511627907,
      "avg_steps_failure": 18.210526315789473
    }
  ],
  "final_sr": 0.43,
  "final_dr": 0.370633091029611
}