{
  "eval_log": [
    {
      "training_episode": 0,
      "eval_success_rate": 0.34,
      "eval_avg_return": 0.34,
      "eval_avg_discounted_return": 0.29468456567612955,
      "avg_steps_success": 30.470588235294116,
      "avg_steps_failure": 17.757575757575758
    }
  ],
  "final_sr": 0.34,
  "final_dr": 0.29468456567612955
}