{
  "eval_log": [
    {
      "training_episode": 0,
      "eval_success_rate": 0.33,
      "eval_avg_return": 0.33,
      "eval_avg_discounted_return": 0.28483262937648046,
      "avg_steps_success": 31.151515151515152,
      "avg_steps_failure": 17.671641791044777
    }
  ],
  "final_sr": 0.33,
  "final_dr": 0.28483262937648046
}