{
  "eval_log": [
    {
      "training_episode": 0,
      "eval_success_rate": 0.44,
      "eval_avg_return": 0.44,
      "eval_avg_discounted_return": 0.38326115635780167,
      "avg_steps_success": 29.272727272727273,
      "avg_steps_failure": 17.946428571428573
    }
  ],
  "final_sr": 0.44,
  "final_dr": 0.38326115635780167
}