{
  "eval_log": [
    {
      "training_episode": 0,
      "eval_success_rate": 0.41,
      "eval_avg_return": 0.41,
      "eval_avg_discounted_return": 0.34614214065067034,
      "avg_steps_success": 36.24390243902439,
      "avg_steps_failure": 22.559322033898304
    }
  ],
  "final_sr": 0.41,
  "final_dr": 0.34614214065067034
}