{
  "eval_log": [
    {
      "training_episode": 0,
      "eval_success_rate": 0.38,
      "eval_avg_return": 0.38,
      "eval_avg_discounted_return": 0.32859699675082665,
      "avg_steps_success": 30.736842105263158,
      "avg_steps_failure": 20.596774193548388
    }
  ],
  "final_sr": 0.38,
  "final_dr": 0.32859699675082665
}