{
  "eval_log": [
    {
      "training_episode": 0,
      "eval_success_rate": 0.3,
      "eval_avg_return": 0.3,
      "eval_avg_discounted_return": 0.2607147112978272,
      "avg_steps_success": 29.633333333333333,
      "avg_steps_failure": 21.614285714285714
    }
  ],
  "final_sr": 0.3,
  "final_dr": 0.2607147112978272
}