{
  "eval_log": [
    {
      "training_episode": 0,
      "eval_success_rate": 0.4,
      "eval_avg_return": 0.4,
      "eval_avg_discounted_return": 0.35181483189413326,
      "avg_steps_success": 27.15,
      "avg_steps_failure": 18.033333333333335
    }
  ],
  "final_sr": 0.4,
  "final_dr": 0.35181483189413326
}