{
  "eval_log": [
    {
      "training_episode": 0,
      "eval_success_rate": 0.44,
      "eval_avg_return": 0.44,
      "eval_avg_discounted_return": 0.3847879458673922,
      "avg_steps_success": 28.40909090909091,
      "avg_steps_failure": 17.035714285714285
    }
  ],
  "final_sr": 0.44,
  "final_dr": 0.3847879458673922
}