{
  "eval_log": [
    {
      "training_episode": 0,
      "eval_success_rate": 0.46,
      "eval_avg_return": 0.46,
      "eval_avg_discounted_return": 0.40149717159578,
      "avg_steps_success": 28.934782608695652,
      "avg_steps_failure": 20.85185185185185
    }
  ],
  "final_sr": 0.46,
  "final_dr": 0.40149717159578
}