{
  "eval_log": [
    {
      "training_episode": 0,
      "eval_success_rate": 0.43,
      "eval_avg_return": 0.43,
      "eval_avg_discounted_return": 0.3652230258309521,
      "avg_steps_success": 35.116279069767444,
      "avg_steps_failure": 23.087719298245613
    }
  ],
  "final_sr": 0.43,
  "final_dr": 0.3652230258309521
}