{
  "eval_log": [
    {
      "training_episode": 0,
      "eval_success_rate": 0.44,
      "eval_avg_return": 0.44,
      "eval_avg_discounted_return": 0.39375532242468336,
      "avg_steps_success": 23.59090909090909,
      "avg_steps_failure": 19.892857142857142
    }
  ],
  "final_sr": 0.44,
  "final_dr": 0.39375532242468336
}