{
  "eval_log": [
    {
      "training_episode": 0,
      "eval_success_rate": 0.39,
      "eval_avg_return": 0.39,
      "eval_avg_discounted_return": 0.3367356402704573,
      "avg_steps_success": 31.128205128205128,
      "avg_steps_failure": 20.19672131147541
    }
  ],
  "final_sr": 0.39,
  "final_dr": 0.3367356402704573
}