{
  "eval_log": [
    {
      "training_episode": 0,
      "eval_success_rate": 0.41,
      "eval_avg_return": 0.41,
      "eval_avg_discounted_return": 0.3585994575206912,
      "avg_steps_success": 28.341463414634145,
      "avg_steps_failure": 20.16949152542373
    }
  ],
  "final_sr": 0.41,
  "final_dr": 0.3585994575206912
}