{
  "eval_log": [
    {
      "training_episode": 0,
      "eval_success_rate": 0.42,
      "eval_avg_return": 0.42,
      "eval_avg_discounted_return": 0.35624727628914166,
      "avg_steps_success": 34.69047619047619,
      "avg_steps_failure": 18.844827586206897
    }
  ],
  "final_sr": 0.42,
  "final_dr": 0.35624727628914166
}