{
  "eval_log": [
    {
      "training_episode": 0,
      "eval_success_rate": 0.38,
      "eval_avg_return": 0.38,
      "eval_avg_discounted_return": 0.33288794096705915,
      "avg_steps_success": 28.13157894736842,
      "avg_steps_failure": 19.967741935483872
    }
  ],
  "final_sr": 0.38,
  "final_dr": 0.33288794096705915
}