{
  "eval_log": [
    {
      "training_episode": 0,
      "eval_success_rate": 0.47,
      "eval_avg_return": 0.47,
      "eval_avg_discounted_return": 0.4102436029618913,
      "avg_steps_success": 28.76595744680851,
      "avg_steps_failure": 21.0188679245283
    }
  ],
  "final_sr": 0.47,
  "final_dr": 0.4102436029618913
}