{
  "eval_log": [
    {
      "training_episode": 0,
      "eval_success_rate": 0.36,
      "eval_avg_return": 0.36,
      "eval_avg_discounted_return": 0.31191261955422767,
      "avg_steps_success": 30.38888888888889,
      "avg_steps_failure": 17.9375
    }
  ],
  "final_sr": 0.36,
  "final_dr": 0.31191261955422767
}