{
  "eval_log": [
    {
      "training_episode": 0,
      "eval_success_rate": 0.38,
      "eval_avg_return": 0.38,
      "eval_avg_discounted_return": 0.33307676044402945,
      "avg_steps_success": 28.026315789473685,
      "avg_steps_failure": 16.64516129032258
    }
  ],
  "final_sr": 0.38,
  "final_dr": 0.33307676044402945
}