{
  "eval_log": [
    {
      "training_episode": 0,
      "eval_success_rate": 0.33,
      "eval_avg_return": 0.33,
      "eval_avg_discounted_return": 0.2888045629591493,
      "avg_steps_success": 28.333333333333332,
      "avg_steps_failure": 19.507462686567163
    }
  ],
  "final_sr": 0.33,
  "final_dr": 0.2888045629591493
}