{
  "eval_log": [
    {
      "training_episode": 0,
      "eval_success_rate": 0.37,
      "eval_avg_return": 0.37,
      "eval_avg_discounted_return": 0.3223683404634105,
      "avg_steps_success": 29.35135135135135,
      "avg_steps_failure": 22.857142857142858
    }
  ],
  "final_sr": 0.37,
  "final_dr": 0.3223683404634105
}