{
  "eval_log": [
    {
      "training_episode": 0,
      "eval_success_rate": 0.4,
      "eval_avg_return": 0.4,
      "eval_avg_discounted_return": 0.3461044605896709,
      "avg_steps_success": 30.85,
      "avg_steps_failure": 15.166666666666666
    }
  ],
  "final_sr": 0.4,
  "final_dr": 0.3461044605896709
}