{
  "eval_log": [
    {
      "training_episode": 0,
      "eval_success_rate": 0.34,
      "eval_avg_return": 0.34,
      "eval_avg_discounted_return": 0.30017889055874475,
      "avg_steps_success": 26.352941176470587,
      "avg_steps_failure": 18.53030303030303
    }
  ],
  "final_sr": 0.34,
  "final_dr": 0.30017889055874475
}