{
  "eval_log": [
    {
      "training_episode": 0,
      "eval_success_rate": 0.37,
      "eval_avg_return": 0.37,
      "eval_avg_discounted_return": 0.3162635101309547,
      "avg_steps_success": 33.108108108108105,
      "avg_steps_failure": 18.555555555555557
    }
  ],
  "final_sr": 0.37,
  "final_dr": 0.3162635101309547
}