{
  "eval_log": [
    {
      "training_episode": 0,
      "eval_success_rate": 0.36,
      "eval_avg_return": 0.36,
      "eval_avg_discounted_return": 0.31456934921687013,
      "avg_steps_success": 28.72222222222222,
      "avg_steps_failure": 19.65625
    }
  ],
  "final_sr": 0.36,
  "final_dr": 0.31456934921687013
}