{
  "eval_log": [
    {
      "training_episode": 0,
      "eval_success_rate": 0.25,
      "eval_avg_return": 0.25,
      "eval_avg_discounted_return": 0.21605082827561098,
      "avg_steps_success": 30.68,
      "avg_steps_failure": 18.546666666666667
    }
  ],
  "final_sr": 0.25,
  "final_dr": 0.21605082827561098
}