{
  "eval_log": [
    {
      "training_episode": 0,
      "eval_success_rate": 0.33,
      "eval_avg_return": 0.33,
      "eval_avg_discounted_return": 0.29161285551569555,
      "avg_steps_success": 26.21212121212121,
      "avg_steps_failure": 21.671641791044777
    }
  ],
  "final_sr": 0.33,
  "final_dr": 0.29161285551569555
}