{
  "eval_log": [
    {
      "training_episode": 0,
      "eval_success_rate": 0.37,
      "eval_avg_return": 0.37,
      "eval_avg_discounted_return": 0.32132709700288914,
      "avg_steps_success": 29.54054054054054,
      "avg_steps_failure": 16.825396825396826
    }
  ],
  "final_sr": 0.37,
  "final_dr": 0.32132709700288914
}