{
  "eval_log": [
    {
      "training_episode": 0,
      "eval_success_rate": 0.39,
      "eval_avg_return": 0.39,
      "eval_avg_discounted_return": 0.33906110596564304,
      "avg_steps_success": 29.71794871794872,
      "avg_steps_failure": 21.098360655737704
    }
  ],
  "final_sr": 0.39,
  "final_dr": 0.33906110596564304
}