{
  "eval_log": [
    {
      "training_episode": 0,
      "eval_success_rate": 0.36,
      "eval_avg_return": 0.36,
      "eval_avg_discounted_return": 0.31451374608630006,
      "avg_steps_success": 28.36111111111111,
      "avg_steps_failure": 17.375
    }
  ],
  "final_sr": 0.36,
  "final_dr": 0.31451374608630006
}