{
  "eval_log": [
    {
      "training_episode": 0,
      "eval_success_rate": 0.31,
      "eval_avg_return": 0.31,
      "eval_avg_discounted_return": 0.27030561328473884,
      "avg_steps_success": 28.93548387096774,
      "avg_steps_failure": 18.420289855072465
    }
  ],
  "final_sr": 0.31,
  "final_dr": 0.27030561328473884
}