{
  "eval_log": [
    {
      "training_episode": 0,
      "eval_success_rate": 0.35,
      "eval_avg_return": 0.35,
      "eval_avg_discounted_return": 0.29576069759049156,
      "avg_steps_success": 35.65714285714286,
      "avg_steps_failure": 19.16923076923077
    }
  ],
  "final_sr": 0.35,
  "final_dr": 0.29576069759049156
}