{
  "eval_log": [
    {
      "training_episode": 0,
      "eval_success_rate": 0.41,
      "eval_avg_return": 0.41,
      "eval_avg_discounted_return": 0.36097090906414064,
      "avg_steps_success": 27.121951219512194,
      "avg_steps_failure": 17.016949152542374
    }
  ],
  "final_sr": 0.41,
  "final_dr": 0.36097090906414064
}