{
  "eval_log": [
    {
      "training_episode": 0,
      "eval_success_rate": 0.4,
      "eval_avg_return": 0.4,
      "eval_avg_discounted_return": 0.35476494193848507,
      "avg_steps_success": 25.3,
      "avg_steps_failure": 17.483333333333334
    }
  ],
  "final_sr": 0.4,
  "final_dr": 0.35476494193848507
}