{
  "eval_log": [
    {
      "training_episode": 0,
      "eval_success_rate": 0.42,
      "eval_avg_return": 0.42,
      "eval_avg_discounted_return": 0.3656971567584868,
      "avg_steps_success": 29.19047619047619,
      "avg_steps_failure": 19.551724137931036
    }
  ],
  "final_sr": 0.42,
  "final_dr": 0.3656971567584868
}