{
  "eval_log": [
    {
      "training_episode": 0,
      "eval_success_rate": 0.39,
      "eval_avg_return": 0.39,
      "eval_avg_discounted_return": 0.33624549669501147,
      "avg_steps_success": 31.256410256410255,
      "avg_steps_failure": 20.065573770491802
    }
  ],
  "final_sr": 0.39,
  "final_dr": 0.33624549669501147
}