{
  "eval_log": [
    {
      "training_episode": 0,
      "eval_success_rate": 0.43,
      "eval_avg_return": 0.43,
      "eval_avg_discounted_return": 0.37285678021632696,
      "avg_steps_success": 30.302325581395348,
      "avg_steps_failure": 19.75438596491228
    }
  ],
  "final_sr": 0.43,
  "final_dr": 0.37285678021632696
}