{
  "eval_log": [
    {
      "training_episode": 0,
      "eval_success_rate": 0.3,
      "eval_avg_return": 0.3,
      "eval_avg_discounted_return": 0.2649624901323838,
      "avg_steps_success": 26.566666666666666,
      "avg_steps_failure": 17.52857142857143
    }
  ],
  "final_sr": 0.3,
  "final_dr": 0.2649624901323838
}