{
  "eval_log": [
    {
      "training_episode": 0,
      "eval_success_rate": 0.41,
      "eval_avg_return": 0.41,
      "eval_avg_discounted_return": 0.35272597159540503,
      "avg_steps_success": 31.70731707317073,
      "avg_steps_failure": 18.89830508474576
    }
  ],
  "final_sr": 0.41,
  "final_dr": 0.35272597159540503
}