{
  "eval_log": [
    {
      "training_episode": 0,
      "eval_success_rate": 0.39,
      "eval_avg_return": 0.39,
      "eval_avg_discounted_return": 0.3371827700137797,
      "avg_steps_success": 30.846153846153847,
      "avg_steps_failure": 20.62295081967213
    }
  ],
  "final_sr": 0.39,
  "final_dr": 0.3371827700137797
}