{
  "eval_log": [
    {
      "training_episode": 0,
      "eval_success_rate": 0.31,
      "eval_avg_return": 0.31,
      "eval_avg_discounted_return": 0.27046104548477196,
      "avg_steps_success": 29.258064516129032,
      "avg_steps_failure": 18.014492753623188
    }
  ],
  "final_sr": 0.31,
  "final_dr": 0.27046104548477196
}