{
  "eval_log": [
    {
      "training_episode": 0,
      "eval_success_rate": 0.37,
      "eval_avg_return": 0.37,
      "eval_avg_discounted_return": 0.32176271854386046,
      "avg_steps_success": 29.62162162162162,
      "avg_steps_failure": 20.22222222222222
    }
  ],
  "final_sr": 0.37,
  "final_dr": 0.32176271854386046
}