{
  "eval_log": [
    {
      "training_episode": 0,
      "eval_success_rate": 0.37,
      "eval_avg_return": 0.37,
      "eval_avg_discounted_return": 0.31744256537479454,
      "avg_steps_success": 32.486486486486484,
      "avg_steps_failure": 19.126984126984127
    }
  ],
  "final_sr": 0.37,
  "final_dr": 0.31744256537479454
}