{
  "eval_log": [
    {
      "training_episode": 0,
      "eval_success_rate": 0.45,
      "eval_avg_return": 0.45,
      "eval_avg_discounted_return": 0.39806448612902806,
      "avg_steps_success": 26.155555555555555,
      "avg_steps_failure": 16.327272727272728
    }
  ],
  "final_sr": 0.45,
  "final_dr": 0.39806448612902806
}