{
  "eval_log": [
    {
      "training_episode": 0,
      "eval_success_rate": 0.38,
      "eval_avg_return": 0.38,
      "eval_avg_discounted_return": 0.32961341043142545,
      "avg_steps_success": 29.973684210526315,
      "avg_steps_failure": 19.85483870967742
    }
  ],
  "final_sr": 0.38,
  "final_dr": 0.32961341043142545
}