{
  "eval_log": [
    {
      "training_episode": 0,
      "eval_success_rate": 0.35,
      "eval_avg_return": 0.35,
      "eval_avg_discounted_return": 0.31058336537888925,
      "avg_steps_success": 25.34285714285714,
      "avg_steps_failure": 19.661538461538463
    }
  ],
  "final_sr": 0.35,
  "final_dr": 0.31058336537888925
}