{
  "eval_log": [
    {
      "training_episode": 0,
      "eval_success_rate": 0.33,
      "eval_avg_return": 0.33,
      "eval_avg_discounted_return": 0.27845784084909303,
      "avg_steps_success": 35.878787878787875,
      "avg_steps_failure": 16.328358208955223
    }
  ],
  "final_sr": 0.33,
  "final_dr": 0.27845784084909303
}