{
  "eval_log": [
    {
      "training_episode": 0,
      "eval_success_rate": 0.37,
      "eval_avg_return": 0.37,
      "eval_avg_discounted_return": 0.3235847252815681,
      "avg_steps_success": 28.45945945945946,
      "avg_steps_failure": 20.365079365079364
    }
  ],
  "final_sr": 0.37,
  "final_dr": 0.3235847252815681
}