{
  "eval_log": [
    {
      "training_episode": 0,
      "eval_success_rate": 0.46,
      "eval_avg_return": 0.46,
      "eval_avg_discounted_return": 0.40533460396801013,
      "avg_steps_success": 26.782608695652176,
      "avg_steps_failure": 17.59259259259259
    }
  ],
  "final_sr": 0.46,
  "final_dr": 0.40533460396801013
}