{
  "eval_log": [
    {
      "training_episode": 0,
      "eval_success_rate": 0.37,
      "eval_avg_return": 0.37,
      "eval_avg_discounted_return": 0.324151625708257,
      "avg_steps_success": 28.0,
      "avg_steps_failure": 21.396825396825395
    }
  ],
  "final_sr": 0.37,
  "final_dr": 0.324151625708257
}