{
  "eval_log": [
    {
      "training_episode": 0,
      "eval_success_rate": 0.38,
      "eval_avg_return": 0.38,
      "eval_avg_discounted_return": 0.3292284561019014,
      "avg_steps_success": 30.263157894736842,
      "avg_steps_failure": 22.080645161290324
    }
  ],
  "final_sr": 0.38,
  "final_dr": 0.3292284561019014
}