{
  "eval_log": [
    {
      "training_episode": 0,
      "eval_success_rate": 0.37,
      "eval_avg_return": 0.37,
      "eval_avg_discounted_return": 0.32553572929910574,
      "avg_steps_success": 27.324324324324323,
      "avg_steps_failure": 17.793650793650794
    }
  ],
  "final_sr": 0.37,
  "final_dr": 0.32553572929910574
}