{
  "eval_log": [
    {
      "training_episode": 0,
      "eval_success_rate": 0.43,
      "eval_avg_return": 0.43,
      "eval_avg_discounted_return": 0.3800076214910375,
      "avg_steps_success": 26.302325581395348,
      "avg_steps_failure": 20.12280701754386
    }
  ],
  "final_sr": 0.43,
  "final_dr": 0.3800076214910375
}