{
  "eval_log": [
    {
      "training_episode": 0,
      "eval_success_rate": 0.37,
      "eval_avg_return": 0.37,
      "eval_avg_discounted_return": 0.3175466206931211,
      "avg_steps_success": 32.54054054054054,
      "avg_steps_failure": 19.92063492063492
    }
  ],
  "final_sr": 0.37,
  "final_dr": 0.3175466206931211
}