{
  "eval_log": [
    {
      "training_episode": 0,
      "eval_success_rate": 0.35,
      "eval_avg_return": 0.35,
      "eval_avg_discounted_return": 0.3041592024291514,
      "avg_steps_success": 29.82857142857143,
      "avg_steps_failure": 16.861538461538462
    }
  ],
  "final_sr": 0.35,
  "final_dr": 0.3041592024291514
}