{
  "eval_log": [
    {
      "training_episode": 0,
      "eval_success_rate": 0.38,
      "eval_avg_return": 0.38,
      "eval_avg_discounted_return": 0.3274002209283289,
      "avg_steps_success": 31.81578947368421,
      "avg_steps_failure": 16.06451612903226
    }
  ],
  "final_sr": 0.38,
  "final_dr": 0.3274002209283289
}