{
  "eval_log": [
    {
      "training_episode": 0,
      "eval_success_rate": 0.39,
      "eval_avg_return": 0.39,
      "eval_avg_discounted_return": 0.34440604161958305,
      "avg_steps_success": 26.17948717948718,
      "avg_steps_failure": 21.459016393442624
    }
  ],
  "final_sr": 0.39,
  "final_dr": 0.34440604161958305
}