{
  "eval_log": [
    {
      "training_episode": 0,
      "eval_success_rate": 0.74,
      "eval_avg_return": 0.74,
      "eval_avg_discounted_return": 0.6717020469271903,
      "avg_steps_success": 21.08108108108108,
      "avg_steps_failure": 30.53846153846154
    }
  ],
  "final_sr": 0.74,
  "final_dr": 0.6717020469271903
}