{
  "eval_log": [
    {
      "training_episode": 0,
      "eval_success_rate": 0.72,
      "eval_avg_return": 0.72,
      "eval_avg_discounted_return": 0.6141671669354893,
      "avg_steps_success": 33.763888888888886,
      "avg_steps_failure": 45.642857142857146
    }
  ],
  "final_sr": 0.72,
  "final_dr": 0.6141671669354893
}