{
  "eval_log": [
    {
      "training_episode": 0,
      "eval_success_rate": 0.69,
      "eval_avg_return": 0.69,
      "eval_avg_discounted_return": 0.5818923960134462,
      "avg_steps_success": 36.20289855072464,
      "avg_steps_failure": 52.25806451612903
    }
  ],
  "final_sr": 0.69,
  "final_dr": 0.5818923960134462
}