{
  "eval_log": [
    {
      "training_episode": 0,
      "eval_success_rate": 0.79,
      "eval_avg_return": 0.79,
      "eval_avg_discounted_return": 0.6973349348814756,
      "avg_steps_success": 27.10126582278481,
      "avg_steps_failure": 31.571428571428573
    }
  ],
  "final_sr": 0.79,
  "final_dr": 0.6973349348814756
}