{
  "eval_log": [
    {
      "training_episode": 0,
      "eval_success_rate": 0.7,
      "eval_avg_return": 0.7,
      "eval_avg_discounted_return": 0.5878652782548429,
      "avg_steps_success": 36.8,
      "avg_steps_failure": 52.766666666666666
    }
  ],
  "final_sr": 0.7,
  "final_dr": 0.5878652782548429
}