{
  "eval_log": [
    {
      "training_episode": 0,
      "eval_success_rate": 0.78,
      "eval_avg_return": 0.78,
      "eval_avg_discounted_return": 0.65683424130447,
      "avg_steps_success": 36.38461538461539,
      "avg_steps_failure": 42.95454545454545
    }
  ],
  "final_sr": 0.78,
  "final_dr": 0.65683424130447
}