{
  "eval_log": [
    {
      "training_episode": 0,
      "eval_success_rate": 0.66,
      "eval_avg_return": 0.66,
      "eval_avg_discounted_return": 0.5594568393658242,
      "avg_steps_success": 34.93939393939394,
      "avg_steps_failure": 46.64705882352941
    }
  ],
  "final_sr": 0.66,
  "final_dr": 0.5594568393658242
}