{
  "eval_log": [
    {
      "training_episode": 0,
      "eval_success_rate": 0.72,
      "eval_avg_return": 0.72,
      "eval_avg_discounted_return": 0.6041945791120141,
      "avg_steps_success": 37.19444444444444,
      "avg_steps_failure": 60.42857142857143
    }
  ],
  "final_sr": 0.72,
  "final_dr": 0.6041945791120141
}