{
  "eval_log": [
    {
      "training_episode": 0,
      "eval_success_rate": 0.7,
      "eval_avg_return": 0.7,
      "eval_avg_discounted_return": 0.6257140867263606,
      "avg_steps_success": 24.4,
      "avg_steps_failure": 31.233333333333334
    }
  ],
  "final_sr": 0.7,
  "final_dr": 0.6257140867263606
}