{
  "eval_log": [
    {
      "training_episode": 0,
      "eval_success_rate": 0.7,
      "eval_avg_return": 0.7,
      "eval_avg_discounted_return": 0.6308220897743149,
      "avg_steps_success": 22.571428571428573,
      "avg_steps_failure": 29.5
    }
  ],
  "final_sr": 0.7,
  "final_dr": 0.6308220897743149
}