{
  "eval_log": [
    {
      "training_episode": 0,
      "eval_success_rate": 0.75,
      "eval_avg_return": 0.75,
      "eval_avg_discounted_return": 0.6307794695913924,
      "avg_steps_success": 36.653333333333336,
      "avg_steps_failure": 57.04
    }
  ],
  "final_sr": 0.75,
  "final_dr": 0.6307794695913924
}