{
  "eval_log": [
    {
      "training_episode": 0,
      "eval_success_rate": 0.7,
      "eval_avg_return": 0.7,
      "eval_avg_discounted_return": 0.5953468587742001,
      "avg_steps_success": 34.34285714285714,
      "avg_steps_failure": 38.63333333333333
    }
  ],
  "final_sr": 0.7,
  "final_dr": 0.5953468587742001
}