{
  "eval_log": [
    {
      "training_episode": 0,
      "eval_success_rate": 0.78,
      "eval_avg_return": 0.78,
      "eval_avg_discounted_return": 0.6470718813509986,
      "avg_steps_success": 39.56410256410256,
      "avg_steps_failure": 43.95454545454545
    }
  ],
  "final_sr": 0.78,
  "final_dr": 0.6470718813509986
}