{
  "eval_log": [
    {
      "training_episode": 0,
      "eval_success_rate": 0.75,
      "eval_avg_return": 0.75,
      "eval_avg_discounted_return": 0.6834322121599512,
      "avg_steps_success": 20.453333333333333,
      "avg_steps_failure": 27.96
    }
  ],
  "final_sr": 0.75,
  "final_dr": 0.6834322121599512
}