{
  "eval_log": [
    {
      "training_episode": 0,
      "eval_success_rate": 0.72,
      "eval_avg_return": 0.72,
      "eval_avg_discounted_return": 0.6501980693414773,
      "avg_steps_success": 22.27777777777778,
      "avg_steps_failure": 40.5
    }
  ],
  "final_sr": 0.72,
  "final_dr": 0.6501980693414773
}