{
  "eval_log": [
    {
      "training_episode": 0,
      "eval_success_rate": 0.79,
      "eval_avg_return": 0.79,
      "eval_avg_discounted_return": 0.699378659181395,
      "avg_steps_success": 26.78481012658228,
      "avg_steps_failure": 36.285714285714285
    }
  ],
  "final_sr": 0.79,
  "final_dr": 0.699378659181395
}