{
  "eval_log": [
    {
      "training_episode": 0,
      "eval_success_rate": 0.79,
      "eval_avg_return": 0.79,
      "eval_avg_discounted_return": 0.6972651519070061,
      "avg_steps_success": 26.936708860759495,
      "avg_steps_failure": 37.523809523809526
    }
  ],
  "final_sr": 0.79,
  "final_dr": 0.6972651519070061
}