{
  "eval_log": [
    {
      "training_episode": 0,
      "eval_success_rate": 0.81,
      "eval_avg_return": 0.81,
      "eval_avg_discounted_return": 0.6671397049853413,
      "avg_steps_success": 40.851851851851855,
      "avg_steps_failure": 47.0
    }
  ],
  "final_sr": 0.81,
  "final_dr": 0.6671397049853413
}