{
  "eval_log": [
    {
      "training_episode": 0,
      "eval_success_rate": 0.66,
      "eval_avg_return": 0.66,
      "eval_avg_discounted_return": 0.5457323025323763,
      "avg_steps_success": 40.40909090909091,
      "avg_steps_failure": 42.73529411764706
    }
  ],
  "final_sr": 0.66,
  "final_dr": 0.5457323025323763
}