{
  "eval_log": [
    {
      "training_episode": 0,
      "eval_success_rate": 0.79,
      "eval_avg_return": 0.79,
      "eval_avg_discounted_return": 0.7129036853405419,
      "avg_steps_success": 22.40506329113924,
      "avg_steps_failure": 34.857142857142854
    }
  ],
  "final_sr": 0.79,
  "final_dr": 0.7129036853405419
}