{
  "eval_log": [
    {
      "training_episode": 0,
      "eval_success_rate": 0.65,
      "eval_avg_return": 0.65,
      "eval_avg_discounted_return": 0.5483350713042957,
      "avg_steps_success": 36.0,
      "avg_steps_failure": 57.34285714285714
    }
  ],
  "final_sr": 0.65,
  "final_dr": 0.5483350713042957
}