{
  "eval_log": [
    {
      "training_episode": 0,
      "eval_success_rate": 0.69,
      "eval_avg_return": 0.69,
      "eval_avg_discounted_return": 0.612963235607196,
      "avg_steps_success": 25.82608695652174,
      "avg_steps_failure": 37.03225806451613
    }
  ],
  "final_sr": 0.69,
  "final_dr": 0.612963235607196
}