{
  "eval_log": [
    {
      "training_episode": 0,
      "eval_success_rate": 0.68,
      "eval_avg_return": 0.68,
      "eval_avg_discounted_return": 0.5636149831310575,
      "avg_steps_success": 39.470588235294116,
      "avg_steps_failure": 48.875
    }
  ],
  "final_sr": 0.68,
  "final_dr": 0.5636149831310575
}