{
  "eval_log": [
    {
      "training_episode": 0,
      "eval_success_rate": 0.73,
      "eval_avg_return": 0.73,
      "eval_avg_discounted_return": 0.652822813701741,
      "avg_steps_success": 24.15068493150685,
      "avg_steps_failure": 41.22222222222222
    }
  ],
  "final_sr": 0.73,
  "final_dr": 0.652822813701741
}