{
  "eval_log": [
    {
      "training_episode": 0,
      "eval_success_rate": 0.77,
      "eval_avg_return": 0.77,
      "eval_avg_discounted_return": 0.6893464606850798,
      "avg_steps_success": 24.4025974025974,
      "avg_steps_failure": 39.30434782608695
    }
  ],
  "final_sr": 0.77,
  "final_dr": 0.6893464606850798
}