{
  "eval_log": [
    {
      "training_episode": 0,
      "eval_success_rate": 0.74,
      "eval_avg_return": 0.74,
      "eval_avg_discounted_return": 0.6224749769377583,
      "avg_steps_success": 36.527027027027025,
      "avg_steps_failure": 55.30769230769231
    }
  ],
  "final_sr": 0.74,
  "final_dr": 0.6224749769377583
}