{
  "eval_log": [
    {
      "training_episode": 0,
      "eval_success_rate": 0.76,
      "eval_avg_return": 0.76,
      "eval_avg_discounted_return": 0.633434273136785,
      "avg_steps_success": 38.578947368421055,
      "avg_steps_failure": 62.458333333333336
    }
  ],
  "final_sr": 0.76,
  "final_dr": 0.633434273136785
}