{
  "eval_log": [
    {
      "training_episode": 0,
      "eval_success_rate": 0.67,
      "eval_avg_return": 0.67,
      "eval_avg_discounted_return": 0.5666877896257173,
      "avg_steps_success": 35.76119402985075,
      "avg_steps_failure": 57.36363636363637
    }
  ],
  "final_sr": 0.67,
  "final_dr": 0.5666877896257173
}