{
  "eval_log": [
    {
      "training_episode": 0,
      "eval_success_rate": 0.74,
      "eval_avg_return": 0.74,
      "eval_avg_discounted_return": 0.6598923181942595,
      "avg_steps_success": 24.77027027027027,
      "avg_steps_failure": 23.923076923076923
    }
  ],
  "final_sr": 0.74,
  "final_dr": 0.6598923181942595
}