{
  "eval_log": [
    {
      "training_episode": 0,
      "eval_success_rate": 0.82,
      "eval_avg_return": 0.82,
      "eval_avg_discounted_return": 0.7170051305229889,
      "avg_steps_success": 29.329268292682926,
      "avg_steps_failure": 41.94444444444444
    }
  ],
  "final_sr": 0.82,
  "final_dr": 0.7170051305229889
}