{
  "eval_log": [
    {
      "training_episode": 0,
      "eval_success_rate": 0.76,
      "eval_avg_return": 0.76,
      "eval_avg_discounted_return": 0.6528110995232405,
      "avg_steps_success": 32.14473684210526,
      "avg_steps_failure": 51.458333333333336
    }
  ],
  "final_sr": 0.76,
  "final_dr": 0.6528110995232405
}