{
  "eval_log": [
    {
      "training_episode": 0,
      "eval_success_rate": 0.77,
      "eval_avg_return": 0.77,
      "eval_avg_discounted_return": 0.6929489775037301,
      "avg_steps_success": 23.103896103896105,
      "avg_steps_failure": 34.04347826086956
    }
  ],
  "final_sr": 0.77,
  "final_dr": 0.6929489775037301
}