{
  "eval_log": [
    {
      "training_episode": 0,
      "eval_success_rate": 0.75,
      "eval_avg_return": 0.75,
      "eval_avg_discounted_return": 0.6574727057529008,
      "avg_steps_success": 28.613333333333333,
      "avg_steps_failure": 35.2
    }
  ],
  "final_sr": 0.75,
  "final_dr": 0.6574727057529008
}