{
  "eval_log": [
    {
      "training_episode": 0,
      "eval_success_rate": 0.82,
      "eval_avg_return": 0.82,
      "eval_avg_discounted_return": 0.7404011516288704,
      "avg_steps_success": 22.304878048780488,
      "avg_steps_failure": 29.166666666666668
    }
  ],
  "final_sr": 0.82,
  "final_dr": 0.7404011516288704
}