{
  "eval_log": [
    {
      "training_episode": 0,
      "eval_success_rate": 0.71,
      "eval_avg_return": 0.71,
      "eval_avg_discounted_return": 0.6011767142554563,
      "avg_steps_success": 35.38028169014085,
      "avg_steps_failure": 59.275862068965516
    }
  ],
  "final_sr": 0.71,
  "final_dr": 0.6011767142554563
}