{
  "eval_log": [
    {
      "training_episode": 0,
      "eval_success_rate": 0.73,
      "eval_avg_return": 0.73,
      "eval_avg_discounted_return": 0.6055124377119339,
      "avg_steps_success": 39.42465753424658,
      "avg_steps_failure": 58.407407407407405
    }
  ],
  "final_sr": 0.73,
  "final_dr": 0.6055124377119339
}