{
  "eval_log": [
    {
      "training_episode": 0,
      "eval_success_rate": 0.76,
      "eval_avg_return": 0.76,
      "eval_avg_discounted_return": 0.6792724376200426,
      "avg_steps_success": 24.42105263157895,
      "avg_steps_failure": 39.25
    }
  ],
  "final_sr": 0.76,
  "final_dr": 0.6792724376200426
}