{
  "eval_log": [
    {
      "training_episode": 0,
      "eval_success_rate": 0.72,
      "eval_avg_return": 0.72,
      "eval_avg_discounted_return": 0.6018311998600542,
      "avg_steps_success": 38.208333333333336,
      "avg_steps_failure": 49.464285714285715
    }
  ],
  "final_sr": 0.72,
  "final_dr": 0.6018311998600542
}