{
  "eval_log": [
    {
      "training_episode": 0,
      "eval_success_rate": 0.79,
      "eval_avg_return": 0.79,
      "eval_avg_discounted_return": 0.6742984632946143,
      "avg_steps_success": 33.734177215189874,
      "avg_steps_failure": 54.19047619047619
    }
  ],
  "final_sr": 0.79,
  "final_dr": 0.6742984632946143
}