{
  "eval_log": [
    {
      "training_episode": 0,
      "eval_success_rate": 0.78,
      "eval_avg_return": 0.78,
      "eval_avg_discounted_return": 0.6590367823640105,
      "avg_steps_success": 35.73076923076923,
      "avg_steps_failure": 34.68181818181818
    }
  ],
  "final_sr": 0.78,
  "final_dr": 0.6590367823640105
}