{
  "eval_log": [
    {
      "training_episode": 0,
      "eval_success_rate": 0.78,
      "eval_avg_return": 0.78,
      "eval_avg_discounted_return": 0.6473567681365624,
      "avg_steps_success": 39.5,
      "avg_steps_failure": 64.86363636363636
    }
  ],
  "final_sr": 0.78,
  "final_dr": 0.6473567681365624
}