{
  "eval_log": [
    {
      "training_episode": 0,
      "eval_success_rate": 0.7,
      "eval_avg_return": 0.7,
      "eval_avg_discounted_return": 0.6134287620646504,
      "avg_steps_success": 28.5,
      "avg_steps_failure": 29.133333333333333
    }
  ],
  "final_sr": 0.7,
  "final_dr": 0.6134287620646504
}