{
  "eval_log": [
    {
      "training_episode": 0,
      "eval_success_rate": 0.74,
      "eval_avg_return": 0.74,
      "eval_avg_discounted_return": 0.6605924118383892,
      "avg_steps_success": 24.87837837837838,
      "avg_steps_failure": 33.76923076923077
    }
  ],
  "final_sr": 0.74,
  "final_dr": 0.6605924118383892
}