{
  "eval_log": [
    {
      "training_episode": 0,
      "eval_success_rate": 0.66,
      "eval_avg_return": 0.66,
      "eval_avg_discounted_return": 0.593425005393198,
      "avg_steps_success": 23.0,
      "avg_steps_failure": 43.029411764705884
    }
  ],
  "final_sr": 0.66,
  "final_dr": 0.593425005393198
}