{
  "eval_log": [
    {
      "training_episode": 0,
      "eval_success_rate": 0.73,
      "eval_avg_return": 0.73,
      "eval_avg_discounted_return": 0.6051191473875467,
      "avg_steps_success": 39.657534246575345,
      "avg_steps_failure": 55.148148148148145
    }
  ],
  "final_sr": 0.73,
  "final_dr": 0.6051191473875467
}