{
  "eval_log": [
    {
      "training_episode": 0,
      "eval_success_rate": 0.74,
      "eval_avg_return": 0.74,
      "eval_avg_discounted_return": 0.6208392025478063,
      "avg_steps_success": 37.270270270270274,
      "avg_steps_failure": 61.65384615384615
    }
  ],
  "final_sr": 0.74,
  "final_dr": 0.6208392025478063
}