{
  "eval_log": [
    {
      "training_episode": 0,
      "eval_success_rate": 0.7,
      "eval_avg_return": 0.7,
      "eval_avg_discounted_return": 0.5879629915755377,
      "avg_steps_success": 37.01428571428571,
      "avg_steps_failure": 49.46666666666667
    }
  ],
  "final_sr": 0.7,
  "final_dr": 0.5879629915755377
}