{
  "eval_log": [
    {
      "training_episode": 0,
      "eval_success_rate": 0.74,
      "eval_avg_return": 0.74,
      "eval_avg_discounted_return": 0.6587680628299358,
      "avg_steps_success": 25.283783783783782,
      "avg_steps_failure": 37.88461538461539
    }
  ],
  "final_sr": 0.74,
  "final_dr": 0.6587680628299358
}