{
  "eval_log": [
    {
      "training_episode": 0,
      "eval_success_rate": 0.72,
      "eval_avg_return": 0.72,
      "eval_avg_discounted_return": 0.6045160306377605,
      "avg_steps_success": 36.888888888888886,
      "avg_steps_failure": 55.0
    }
  ],
  "final_sr": 0.72,
  "final_dr": 0.6045160306377605
}