{
  "eval_log": [
    {
      "training_episode": 0,
      "eval_success_rate": 0.76,
      "eval_avg_return": 0.76,
      "eval_avg_discounted_return": 0.6438452817075109,
      "avg_steps_success": 34.86842105263158,
      "avg_steps_failure": 52.916666666666664
    }
  ],
  "final_sr": 0.76,
  "final_dr": 0.6438452817075109
}