{
  "eval_log": [
    {
      "training_episode": 0,
      "eval_success_rate": 0.75,
      "eval_avg_return": 0.75,
      "eval_avg_discounted_return": 0.630010626465955,
      "avg_steps_success": 36.906666666666666,
      "avg_steps_failure": 51.44
    }
  ],
  "final_sr": 0.75,
  "final_dr": 0.630010626465955
}