{
  "eval_log": [
    {
      "training_episode": 0,
      "eval_success_rate": 0.82,
      "eval_avg_return": 0.82,
      "eval_avg_discounted_return": 0.7424228960659676,
      "avg_steps_success": 21.634146341463413,
      "avg_steps_failure": 38.833333333333336
    }
  ],
  "final_sr": 0.82,
  "final_dr": 0.7424228960659676
}