{
  "eval_log": [
    {
      "training_episode": 0,
      "eval_success_rate": 0.72,
      "eval_avg_return": 0.72,
      "eval_avg_discounted_return": 0.6034848387327684,
      "avg_steps_success": 37.30555555555556,
      "avg_steps_failure": 49.142857142857146
    }
  ],
  "final_sr": 0.72,
  "final_dr": 0.6034848387327684
}