{
  "eval_log": [
    {
      "training_episode": 0,
      "eval_success_rate": 0.84,
      "eval_avg_return": 0.84,
      "eval_avg_discounted_return": 0.741829816095244,
      "avg_steps_success": 27.202380952380953,
      "avg_steps_failure": 24.5
    }
  ],
  "final_sr": 0.84,
  "final_dr": 0.741829816095244
}