{
  "eval_log": [
    {
      "training_episode": 0,
      "eval_success_rate": 0.74,
      "eval_avg_return": 0.74,
      "eval_avg_discounted_return": 0.6239528781242568,
      "avg_steps_success": 36.0,
      "avg_steps_failure": 52.61538461538461
    }
  ],
  "final_sr": 0.74,
  "final_dr": 0.6239528781242568
}