{
  "eval_log": [
    {
      "training_episode": 0,
      "eval_success_rate": 0.74,
      "eval_avg_return": 0.74,
      "eval_avg_discounted_return": 0.6653491895519353,
      "avg_steps_success": 23.405405405405407,
      "avg_steps_failure": 30.153846153846153
    }
  ],
  "final_sr": 0.74,
  "final_dr": 0.6653491895519353
}