{
  "eval_log": [
    {
      "training_episode": 0,
      "eval_success_rate": 0.73,
      "eval_avg_return": 0.73,
      "eval_avg_discounted_return": 0.6187601194494595,
      "avg_steps_success": 34.95890410958904,
      "avg_steps_failure": 42.370370370370374
    }
  ],
  "final_sr": 0.73,
  "final_dr": 0.6187601194494595
}