{
  "eval_log": [
    {
      "training_episode": 0,
      "eval_success_rate": 0.66,
      "eval_avg_return": 0.66,
      "eval_avg_discounted_return": 0.5910632281219855,
      "avg_steps_success": 23.954545454545453,
      "avg_steps_failure": 37.1764705882353
    }
  ],
  "final_sr": 0.66,
  "final_dr": 0.5910632281219855
}