{
  "eval_log": [
    {
      "training_episode": 0,
      "eval_success_rate": 0.71,
      "eval_avg_return": 0.71,
      "eval_avg_discounted_return": 0.625731683666196,
      "avg_steps_success": 27.450704225352112,
      "avg_steps_failure": 38.793103448275865
    }
  ],
  "final_sr": 0.71,
  "final_dr": 0.625731683666196
}