{
  "eval_log": [
    {
      "training_episode": 0,
      "eval_success_rate": 0.76,
      "eval_avg_return": 0.76,
      "eval_avg_discounted_return": 0.6769610189843062,
      "avg_steps_success": 25.19736842105263,
      "avg_steps_failure": 39.708333333333336
    }
  ],
  "final_sr": 0.76,
  "final_dr": 0.6769610189843062
}