{
  "eval_log": [
    {
      "training_episode": 0,
      "eval_success_rate": 0.72,
      "eval_avg_return": 0.72,
      "eval_avg_discounted_return": 0.6518292544560079,
      "avg_steps_success": 21.930555555555557,
      "avg_steps_failure": 37.42857142857143
    }
  ],
  "final_sr": 0.72,
  "final_dr": 0.6518292544560079
}