{
  "eval_log": [
    {
      "training_episode": 0,
      "eval_success_rate": 0.72,
      "eval_avg_return": 0.72,
      "eval_avg_discounted_return": 0.6399613565312597,
      "avg_steps_success": 25.291666666666668,
      "avg_steps_failure": 28.821428571428573
    }
  ],
  "final_sr": 0.72,
  "final_dr": 0.6399613565312597
}