{
  "eval_log": [
    {
      "training_episode": 0,
      "eval_success_rate": 0.79,
      "eval_avg_return": 0.79,
      "eval_avg_discounted_return": 0.7164816914848312,
      "avg_steps_success": 21.430379746835442,
      "avg_steps_failure": 49.0
    }
  ],
  "final_sr": 0.79,
  "final_dr": 0.7164816914848312
}