{
  "eval_log": [
    {
      "training_episode": 0,
      "eval_success_rate": 0.7,
      "eval_avg_return": 0.7,
      "eval_avg_discounted_return": 0.6330224242983665,
      "avg_steps_success": 21.942857142857143,
      "avg_steps_failure": 28.0
    }
  ],
  "final_sr": 0.7,
  "final_dr": 0.6330224242983665
}