{
  "eval_log": [
    {
      "training_episode": 0,
      "eval_success_rate": 0.81,
      "eval_avg_return": 0.81,
      "eval_avg_discounted_return": 0.7208189767647716,
      "avg_steps_success": 25.246913580246915,
      "avg_steps_failure": 35.421052631578945
    }
  ],
  "final_sr": 0.81,
  "final_dr": 0.7208189767647716
}