{
  "eval_log": [
    {
      "training_episode": 0,
      "eval_success_rate": 0.82,
      "eval_avg_return": 0.82,
      "eval_avg_discounted_return": 0.7238880898889174,
      "avg_steps_success": 27.182926829268293,
      "avg_steps_failure": 33.388888888888886
    }
  ],
  "final_sr": 0.82,
  "final_dr": 0.7238880898889174
}