{
  "eval_log": [
    {
      "training_episode": 0,
      "eval_success_rate": 0.7,
      "eval_avg_return": 0.7,
      "eval_avg_discounted_return": 0.6076362113495624,
      "avg_steps_success": 30.214285714285715,
      "avg_steps_failure": 45.53333333333333
    }
  ],
  "final_sr": 0.7,
  "final_dr": 0.6076362113495624
}