{
  "eval_log": [
    {
      "training_episode": 0,
      "eval_success_rate": 0.7,
      "eval_avg_return": 0.7,
      "eval_avg_discounted_return": 0.5901585464166976,
      "avg_steps_success": 36.1,
      "avg_steps_failure": 52.833333333333336
    }
  ],
  "final_sr": 0.7,
  "final_dr": 0.5901585464166976
}