{
  "eval_log": [
    {
      "training_episode": 0,
      "eval_success_rate": 0.78,
      "eval_avg_return": 0.78,
      "eval_avg_discounted_return": 0.6977681895486362,
      "avg_steps_success": 24.333333333333332,
      "avg_steps_failure": 26.272727272727273
    }
  ],
  "final_sr": 0.78,
  "final_dr": 0.6977681895486362
}