{
  "eval_log": [
    {
      "training_episode": 0,
      "eval_success_rate": 0.72,
      "eval_avg_return": 0.72,
      "eval_avg_discounted_return": 0.6027972060936249,
      "avg_steps_success": 37.458333333333336,
      "avg_steps_failure": 51.892857142857146
    }
  ],
  "final_sr": 0.72,
  "final_dr": 0.6027972060936249
}