{
  "eval_log": [
    {
      "training_episode": 0,
      "eval_success_rate": 0.73,
      "eval_avg_return": 0.73,
      "eval_avg_discounted_return": 0.60952252485905,
      "avg_steps_success": 38.06849315068493,
      "avg_steps_failure": 54.18518518518518
    }
  ],
  "final_sr": 0.73,
  "final_dr": 0.60952252485905
}