{
  "eval_log": [
    {
      "training_episode": 0,
      "eval_success_rate": 0.71,
      "eval_avg_return": 0.71,
      "eval_avg_discounted_return": 0.5962230689272942,
      "avg_steps_success": 36.859154929577464,
      "avg_steps_failure": 51.758620689655174
    }
  ],
  "final_sr": 0.71,
  "final_dr": 0.5962230689272942
}