{
  "eval_log": [
    {
      "training_episode": 0,
      "eval_success_rate": 0.72,
      "eval_avg_return": 0.72,
      "eval_avg_discounted_return": 0.6165816358175518,
      "avg_steps_success": 33.0,
      "avg_steps_failure": 57.285714285714285
    }
  ],
  "final_sr": 0.72,
  "final_dr": 0.6165816358175518
}