{
  "eval_log": [
    {
      "training_episode": 0,
      "eval_success_rate": 0.67,
      "eval_avg_return": 0.67,
      "eval_avg_discounted_return": 0.5608085935439935,
      "avg_steps_success": 37.64179104477612,
      "avg_steps_failure": 56.0
    }
  ],
  "final_sr": 0.67,
  "final_dr": 0.5608085935439935
}