{
  "eval_log": [
    {
      "training_episode": 0,
      "eval_success_rate": 0.66,
      "eval_avg_return": 0.66,
      "eval_avg_discounted_return": 0.5598647107147753,
      "avg_steps_success": 34.74242424242424,
      "avg_steps_failure": 48.8235294117647
    }
  ],
  "final_sr": 0.66,
  "final_dr": 0.5598647107147753
}