{
  "eval_log": [
    {
      "training_episode": 0,
      "eval_success_rate": 0.68,
      "eval_avg_return": 0.68,
      "eval_avg_discounted_return": 0.5620253236999645,
      "avg_steps_success": 40.5735294117647,
      "avg_steps_failure": 55.96875
    }
  ],
  "final_sr": 0.68,
  "final_dr": 0.5620253236999645
}