{
  "eval_log": [
    {
      "training_episode": 0,
      "eval_success_rate": 0.73,
      "eval_avg_return": 0.73,
      "eval_avg_discounted_return": 0.6202707877213963,
      "avg_steps_success": 34.45205479452055,
      "avg_steps_failure": 48.666666666666664
    }
  ],
  "final_sr": 0.73,
  "final_dr": 0.6202707877213963
}