{
  "eval_log": [
    {
      "training_episode": 0,
      "eval_success_rate": 0.69,
      "eval_avg_return": 0.69,
      "eval_avg_discounted_return": 0.5806089367440205,
      "avg_steps_success": 36.55072463768116,
      "avg_steps_failure": 56.193548387096776
    }
  ],
  "final_sr": 0.69,
  "final_dr": 0.5806089367440205
}