{
  "eval_log": [
    {
      "training_episode": 0,
      "eval_success_rate": 0.74,
      "eval_avg_return": 0.74,
      "eval_avg_discounted_return": 0.6145572846712167,
      "avg_steps_success": 39.28378378378378,
      "avg_steps_failure": 60.76923076923077
    }
  ],
  "final_sr": 0.74,
  "final_dr": 0.6145572846712167
}