{
  "eval_log": [
    {
      "training_episode": 0,
      "eval_success_rate": 0.75,
      "eval_avg_return": 0.75,
      "eval_avg_discounted_return": 0.6335636989186351,
      "avg_steps_success": 35.733333333333334,
      "avg_steps_failure": 53.68
    }
  ],
  "final_sr": 0.75,
  "final_dr": 0.6335636989186351
}