{
  "eval_log": [
    {
      "training_episode": 0,
      "eval_success_rate": 0.76,
      "eval_avg_return": 0.76,
      "eval_avg_discounted_return": 0.6391486583916254,
      "avg_steps_success": 36.69736842105263,
      "avg_steps_failure": 54.916666666666664
    }
  ],
  "final_sr": 0.76,
  "final_dr": 0.6391486583916254
}