{
  "eval_log": [
    {
      "training_episode": 0,
      "eval_success_rate": 0.74,
      "eval_avg_return": 0.74,
      "eval_avg_discounted_return": 0.6273445199841032,
      "avg_steps_success": 34.986486486486484,
      "avg_steps_failure": 47.61538461538461
    }
  ],
  "final_sr": 0.74,
  "final_dr": 0.6273445199841032
}