{
  "eval_log": [
    {
      "training_episode": 0,
      "eval_success_rate": 0.69,
      "eval_avg_return": 0.69,
      "eval_avg_discounted_return": 0.58596793151389,
      "avg_steps_success": 34.84057971014493,
      "avg_steps_failure": 52.096774193548384
    }
  ],
  "final_sr": 0.69,
  "final_dr": 0.58596793151389
}