{
  "eval_log": [
    {
      "training_episode": 0,
      "eval_success_rate": 0.82,
      "eval_avg_return": 0.82,
      "eval_avg_discounted_return": 0.7006684724013581,
      "avg_steps_success": 33.292682926829265,
      "avg_steps_failure": 56.05555555555556
    }
  ],
  "final_sr": 0.82,
  "final_dr": 0.7006684724013581
}