{
  "eval_log": [
    {
      "training_episode": 0,
      "eval_success_rate": 0.76,
      "eval_avg_return": 0.76,
      "eval_avg_discounted_return": 0.6422161591955148,
      "avg_steps_success": 35.69736842105263,
      "avg_steps_failure": 37.958333333333336
    }
  ],
  "final_sr": 0.76,
  "final_dr": 0.6422161591955148
}