{
  "eval_log": [
    {
      "training_episode": 0,
      "eval_success_rate": 0.73,
      "eval_avg_return": 0.73,
      "eval_avg_discounted_return": 0.6160175691431738,
      "avg_steps_success": 35.83561643835616,
      "avg_steps_failure": 55.666666666666664
    }
  ],
  "final_sr": 0.73,
  "final_dr": 0.6160175691431738
}