{
  "eval_log": [
    {
      "training_episode": 0,
      "eval_success_rate": 0.7,
      "eval_avg_return": 0.7,
      "eval_avg_discounted_return": 0.5937202018477726,
      "avg_steps_success": 34.871428571428574,
      "avg_steps_failure": 52.56666666666667
    }
  ],
  "final_sr": 0.7,
  "final_dr": 0.5937202018477726
}