{
  "eval_log": [
    {
      "training_episode": 0,
      "eval_success_rate": 0.72,
      "eval_avg_return": 0.72,
      "eval_avg_discounted_return": 0.607719145878706,
      "avg_steps_success": 35.861111111111114,
      "avg_steps_failure": 57.57142857142857
    }
  ],
  "final_sr": 0.72,
  "final_dr": 0.607719145878706
}