{
  "eval_log": [
    {
      "training_episode": 0,
      "eval_success_rate": 0.65,
      "eval_avg_return": 0.65,
      "eval_avg_discounted_return": 0.5428262364727682,
      "avg_steps_success": 38.2,
      "avg_steps_failure": 58.02857142857143
    }
  ],
  "final_sr": 0.65,
  "final_dr": 0.5428262364727682
}