{
  "eval_log": [
    {
      "training_episode": 0,
      "eval_success_rate": 0.66,
      "eval_avg_return": 0.66,
      "eval_avg_discounted_return": 0.5493977761836945,
      "avg_steps_success": 38.89393939393939,
      "avg_steps_failure": 46.94117647058823
    }
  ],
  "final_sr": 0.66,
  "final_dr": 0.5493977761836945
}