{
  "eval_log": [
    {
      "training_episode": 0,
      "eval_success_rate": 0.67,
      "eval_avg_return": 0.67,
      "eval_avg_discounted_return": 0.5795182064253112,
      "avg_steps_success": 30.895522388059703,
      "avg_steps_failure": 51.666666666666664
    }
  ],
  "final_sr": 0.67,
  "final_dr": 0.5795182064253112
}