{
  "eval_log": [
    {
      "training_episode": 0,
      "eval_success_rate": 0.75,
      "eval_avg_return": 0.75,
      "eval_avg_discounted_return": 0.6440973792549244,
      "avg_steps_success": 32.25333333333333,
      "avg_steps_failure": 44.36
    }
  ],
  "final_sr": 0.75,
  "final_dr": 0.6440973792549244
}