{
  "eval_log": [
    {
      "training_episode": 0,
      "eval_success_rate": 0.81,
      "eval_avg_return": 0.81,
      "eval_avg_discounted_return": 0.6853530553737751,
      "avg_steps_success": 35.617283950617285,
      "avg_steps_failure": 48.68421052631579
    }
  ],
  "final_sr": 0.81,
  "final_dr": 0.6853530553737751
}