{
  "eval_log": [
    {
      "training_episode": 0,
      "eval_success_rate": 0.72,
      "eval_avg_return": 0.72,
      "eval_avg_discounted_return": 0.6003490624851618,
      "avg_steps_success": 38.47222222222222,
      "avg_steps_failure": 60.17857142857143
    }
  ],
  "final_sr": 0.72,
  "final_dr": 0.6003490624851618
}