{
  "eval_log": [
    {
      "training_episode": 0,
      "eval_success_rate": 0.74,
      "eval_avg_return": 0.74,
      "eval_avg_discounted_return": 0.6191228084520446,
      "avg_steps_success": 37.648648648648646,
      "avg_steps_failure": 52.11538461538461
    }
  ],
  "final_sr": 0.74,
  "final_dr": 0.6191228084520446
}