{
  "eval_log": [
    {
      "training_episode": 0,
      "eval_success_rate": 0.73,
      "eval_avg_return": 0.73,
      "eval_avg_discounted_return": 0.6140476636201594,
      "avg_steps_success": 37.013698630136986,
      "avg_steps_failure": 48.51851851851852
    }
  ],
  "final_sr": 0.73,
  "final_dr": 0.6140476636201594
}