{
  "eval_log": [
    {
      "training_episode": 0,
      "eval_success_rate": 0.75,
      "eval_avg_return": 0.75,
      "eval_avg_discounted_return": 0.6270728784146268,
      "avg_steps_success": 37.89333333333333,
      "avg_steps_failure": 62.8
    }
  ],
  "final_sr": 0.75,
  "final_dr": 0.6270728784146268
}