{
  "eval_log": [
    {
      "training_episode": 0,
      "eval_success_rate": 0.7,
      "eval_avg_return": 0.7,
      "eval_avg_discounted_return": 0.5851330268666888,
      "avg_steps_success": 37.72857142857143,
      "avg_steps_failure": 50.3
    }
  ],
  "final_sr": 0.7,
  "final_dr": 0.5851330268666888
}