{
  "eval_log": [
    {
      "training_episode": 0,
      "eval_success_rate": 0.68,
      "eval_avg_return": 0.68,
      "eval_avg_discounted_return": 0.5783415969186335,
      "avg_steps_success": 34.279411764705884,
      "avg_steps_failure": 54.96875
    }
  ],
  "final_sr": 0.68,
  "final_dr": 0.5783415969186335
}