{
  "eval_log": [
    {
      "training_episode": 0,
      "eval_success_rate": 0.68,
      "eval_avg_return": 0.68,
      "eval_avg_discounted_return": 0.5767146790801376,
      "avg_steps_success": 34.955882352941174,
      "avg_steps_failure": 63.0625
    }
  ],
  "final_sr": 0.68,
  "final_dr": 0.5767146790801376
}