{
  "eval_log": [
    {
      "training_episode": 0,
      "eval_success_rate": 0.79,
      "eval_avg_return": 0.79,
      "eval_avg_discounted_return": 0.650210168271009,
      "avg_steps_success": 41.20253164556962,
      "avg_steps_failure": 51.80952380952381
    }
  ],
  "final_sr": 0.79,
  "final_dr": 0.650210168271009
}