{
  "eval_log": [
    {
      "training_episode": 0,
      "eval_success_rate": 0.71,
      "eval_avg_return": 0.71,
      "eval_avg_discounted_return": 0.5925869999008851,
      "avg_steps_success": 38.2112676056338,
      "avg_steps_failure": 58.37931034482759
    }
  ],
  "final_sr": 0.71,
  "final_dr": 0.5925869999008851
}