{
  "eval_log": [
    {
      "training_episode": 0,
      "eval_success_rate": 0.73,
      "eval_avg_return": 0.73,
      "eval_avg_discounted_return": 0.611663682045124,
      "avg_steps_success": 37.534246575342465,
      "avg_steps_failure": 55.370370370370374
    }
  ],
  "final_sr": 0.73,
  "final_dr": 0.611663682045124
}