{
  "eval_log": [
    {
      "training_episode": 0,
      "eval_success_rate": 0.73,
      "eval_avg_return": 0.73,
      "eval_avg_discounted_return": 0.620782197151384,
      "avg_steps_success": 34.534246575342465,
      "avg_steps_failure": 38.148148148148145
    }
  ],
  "final_sr": 0.73,
  "final_dr": 0.620782197151384
}