{
  "eval_log": [
    {
      "training_episode": 0,
      "eval_success_rate": 0.77,
      "eval_avg_return": 0.77,
      "eval_avg_discounted_return": 0.6507039514936366,
      "avg_steps_success": 35.467532467532465,
      "avg_steps_failure": 62.30434782608695
    }
  ],
  "final_sr": 0.77,
  "final_dr": 0.6507039514936366
}