{
  "eval_log": [
    {
      "training_episode": 0,
      "eval_success_rate": 0.79,
      "eval_avg_return": 0.79,
      "eval_avg_discounted_return": 0.6709691203008714,
      "avg_steps_success": 34.64556962025316,
      "avg_steps_failure": 55.0
    }
  ],
  "final_sr": 0.79,
  "final_dr": 0.6709691203008714
}