{
  "eval_log": [
    {
      "training_episode": 0,
      "eval_success_rate": 0.68,
      "eval_avg_return": 0.68,
      "eval_avg_discounted_return": 0.5728774637843269,
      "avg_steps_success": 36.11764705882353,
      "avg_steps_failure": 56.0
    }
  ],
  "final_sr": 0.68,
  "final_dr": 0.5728774637843269
}