{
  "eval_log": [
    {
      "training_episode": 0,
      "eval_success_rate": 0.29,
      "eval_avg_return": 0.29,
      "eval_avg_discounted_return": 0.24145712702963093,
      "avg_steps_success": 37.86206896551724,
      "avg_steps_failure": 28.112676056338028
    }
  ],
  "final_sr": 0.29,
  "final_dr": 0.24145712702963093
}