{
  "eval_log": [
    {
      "training_episode": 0,
      "eval_success_rate": 0.39,
      "eval_avg_return": 0.39,
      "eval_avg_discounted_return": 0.32259265368111706,
      "avg_steps_success": 39.205128205128204,
      "avg_steps_failure": 24.39344262295082
    }
  ],
  "final_sr": 0.39,
  "final_dr": 0.32259265368111706
}