{
  "eval_log": [
    {
      "training_episode": 0,
      "eval_success_rate": 0.32,
      "eval_avg_return": 0.32,
      "eval_avg_discounted_return": 0.2579453740201208,
      "avg_steps_success": 44.28125,
      "avg_steps_failure": 42.86764705882353
    }
  ],
  "final_sr": 0.32,
  "final_dr": 0.2579453740201208
}