{
  "eval_log": [
    {
      "training_episode": 0,
      "eval_success_rate": 0.36,
      "eval_avg_return": 0.36,
      "eval_avg_discounted_return": 0.29729325341209845,
      "avg_steps_success": 39.388888888888886,
      "avg_steps_failure": 28.5
    }
  ],
  "final_sr": 0.36,
  "final_dr": 0.29729325341209845
}