{
  "eval_log": [
    {
      "training_episode": 0,
      "eval_success_rate": 0.33,
      "eval_avg_return": 0.33,
      "eval_avg_discounted_return": 0.26601848991777916,
      "avg_steps_success": 44.303030303030305,
      "avg_steps_failure": 36.76119402985075
    }
  ],
  "final_sr": 0.33,
  "final_dr": 0.26601848991777916
}