{
  "eval_log": [
    {
      "training_episode": 0,
      "eval_success_rate": 0.3,
      "eval_avg_return": 0.3,
      "eval_avg_discounted_return": 0.24118353774739468,
      "avg_steps_success": 44.9,
      "avg_steps_failure": 32.08571428571429
    }
  ],
  "final_sr": 0.3,
  "final_dr": 0.24118353774739468
}