{
  "eval_log": [
    {
      "training_episode": 0,
      "eval_success_rate": 0.31,
      "eval_avg_return": 0.31,
      "eval_avg_discounted_return": 0.2553373362248592,
      "avg_steps_success": 39.96774193548387,
      "avg_steps_failure": 33.34782608695652
    }
  ],
  "final_sr": 0.31,
  "final_dr": 0.2553373362248592
}