{
  "eval_log": [
    {
      "training_episode": 0,
      "eval_success_rate": 0.29,
      "eval_avg_return": 0.29,
      "eval_avg_discounted_return": 0.2335109027645467,
      "avg_steps_success": 44.51724137931034,
      "avg_steps_failure": 37.11267605633803
    }
  ],
  "final_sr": 0.29,
  "final_dr": 0.2335109027645467
}