{
  "eval_log": [
    {
      "training_episode": 0,
      "eval_success_rate": 0.34,
      "eval_avg_return": 0.34,
      "eval_avg_discounted_return": 0.2803885740634447,
      "avg_steps_success": 39.76470588235294,
      "avg_steps_failure": 31.257575757575758
    }
  ],
  "final_sr": 0.34,
  "final_dr": 0.2803885740634447
}