{
  "eval_log": [
    {
      "training_episode": 0,
      "eval_success_rate": 0.21,
      "eval_avg_return": 0.21,
      "eval_avg_discounted_return": 0.16909024099065836,
      "avg_steps_success": 44.57142857142857,
      "avg_steps_failure": 33.822784810126585
    }
  ],
  "final_sr": 0.21,
  "final_dr": 0.16909024099065836
}