{
  "eval_log": [
    {
      "training_episode": 0,
      "eval_success_rate": 0.31,
      "eval_avg_return": 0.31,
      "eval_avg_discounted_return": 0.25609753500372023,
      "avg_steps_success": 39.38709677419355,
      "avg_steps_failure": 22.47826086956522
    }
  ],
  "final_sr": 0.31,
  "final_dr": 0.25609753500372023
}