{
  "eval_log": [
    {
      "training_episode": 0,
      "eval_success_rate": 0.18,
      "eval_avg_return": 0.18,
      "eval_avg_discounted_return": 0.14221310413602914,
      "avg_steps_success": 48.55555555555556,
      "avg_steps_failure": 39.292682926829265
    }
  ],
  "final_sr": 0.18,
  "final_dr": 0.14221310413602914
}