{
  "eval_log": [
    {
      "training_episode": 0,
      "eval_success_rate": 0.37,
      "eval_avg_return": 0.37,
      "eval_avg_discounted_return": 0.30169670372441787,
      "avg_steps_success": 41.91891891891892,
      "avg_steps_failure": 26.984126984126984
    }
  ],
  "final_sr": 0.37,
  "final_dr": 0.30169670372441787
}