{
  "eval_log": [
    {
      "training_episode": 0,
      "eval_success_rate": 0.3,
      "eval_avg_return": 0.3,
      "eval_avg_discounted_return": 0.24074551903603558,
      "avg_steps_success": 45.06666666666667,
      "avg_steps_failure": 38.68571428571428
    }
  ],
  "final_sr": 0.3,
  "final_dr": 0.24074551903603558
}