{
  "eval_log": [
    {
      "training_episode": 0,
      "eval_success_rate": 0.27,
      "eval_avg_return": 0.27,
      "eval_avg_discounted_return": 0.21517780987184626,
      "avg_steps_success": 46.7037037037037,
      "avg_steps_failure": 40.917808219178085
    }
  ],
  "final_sr": 0.27,
  "final_dr": 0.21517780987184626
}