{
  "eval_log": [
    {
      "training_episode": 0,
      "eval_success_rate": 0.28,
      "eval_avg_return": 0.28,
      "eval_avg_discounted_return": 0.22596025792936,
      "avg_steps_success": 44.107142857142854,
      "avg_steps_failure": 36.166666666666664
    }
  ],
  "final_sr": 0.28,
  "final_dr": 0.22596025792936
}