{
  "eval_log": [
    {
      "training_episode": 0,
      "eval_success_rate": 0.24,
      "eval_avg_return": 0.24,
      "eval_avg_discounted_return": 0.1971681628312339,
      "avg_steps_success": 40.625,
      "avg_steps_failure": 28.57894736842105
    }
  ],
  "final_sr": 0.24,
  "final_dr": 0.1971681628312339
}