{
  "eval_log": [
    {
      "training_episode": 0,
      "eval_success_rate": 0.27,
      "eval_avg_return": 0.27,
      "eval_avg_discounted_return": 0.21877495938897668,
      "avg_steps_success": 43.18518518518518,
      "avg_steps_failure": 37.26027397260274
    }
  ],
  "final_sr": 0.27,
  "final_dr": 0.21877495938897668
}