{
  "eval_log": [
    {
      "training_episode": 0,
      "eval_success_rate": 0.26,
      "eval_avg_return": 0.26,
      "eval_avg_discounted_return": 0.20750402366569848,
      "avg_steps_success": 46.38461538461539,
      "avg_steps_failure": 37.770270270270274
    }
  ],
  "final_sr": 0.26,
  "final_dr": 0.20750402366569848
}