{
  "eval_log": [
    {
      "training_episode": 0,
      "eval_success_rate": 0.23,
      "eval_avg_return": 0.23,
      "eval_avg_discounted_return": 0.18293014066546232,
      "avg_steps_success": 46.869565217391305,
      "avg_steps_failure": 35.467532467532465
    }
  ],
  "final_sr": 0.23,
  "final_dr": 0.18293014066546232
}