{
  "eval_log": [
    {
      "training_episode": 0,
      "eval_success_rate": 0.32,
      "eval_avg_return": 0.32,
      "eval_avg_discounted_return": 0.25786502668104433,
      "avg_steps_success": 44.34375,
      "avg_steps_failure": 27.441176470588236
    }
  ],
  "final_sr": 0.32,
  "final_dr": 0.25786502668104433
}