{
  "eval_log": [
    {
      "training_episode": 0,
      "eval_success_rate": 0.27,
      "eval_avg_return": 0.27,
      "eval_avg_discounted_return": 0.2178227770786484,
      "avg_steps_success": 44.074074074074076,
      "avg_steps_failure": 33.10958904109589
    }
  ],
  "final_sr": 0.27,
  "final_dr": 0.2178227770786484
}