{
  "eval_log": [
    {
      "training_episode": 0,
      "eval_success_rate": 0.27,
      "eval_avg_return": 0.27,
      "eval_avg_discounted_return": 0.2208880809653748,
      "avg_steps_success": 41.44444444444444,
      "avg_steps_failure": 32.42465753424658
    }
  ],
  "final_sr": 0.27,
  "final_dr": 0.2208880809653748
}