{
  "eval_log": [
    {
      "training_episode": 0,
      "eval_success_rate": 0.3,
      "eval_avg_return": 0.3,
      "eval_avg_discounted_return": 0.2458057670462106,
      "avg_steps_success": 41.03333333333333,
      "avg_steps_failure": 33.15714285714286
    }
  ],
  "final_sr": 0.3,
  "final_dr": 0.2458057670462106
}