{
  "eval_log": [
    {
      "training_episode": 0,
      "eval_success_rate": 0.34,
      "eval_avg_return": 0.34,
      "eval_avg_discounted_return": 0.27876108978480896,
      "avg_steps_success": 40.88235294117647,
      "avg_steps_failure": 41.84848484848485
    }
  ],
  "final_sr": 0.34,
  "final_dr": 0.27876108978480896
}