{
  "eval_log": [
    {
      "training_episode": 0,
      "eval_success_rate": 0.25,
      "eval_avg_return": 0.25,
      "eval_avg_discounted_return": 0.21110524782081821,
      "avg_steps_success": 34.96,
      "avg_steps_failure": 33.653333333333336
    }
  ],
  "final_sr": 0.25,
  "final_dr": 0.21110524782081821
}