{
  "eval_log": [
    {
      "training_episode": 0,
      "eval_success_rate": 0.25,
      "eval_avg_return": 0.25,
      "eval_avg_discounted_return": 0.2046111681733013,
      "avg_steps_success": 41.32,
      "avg_steps_failure": 36.82666666666667
    }
  ],
  "final_sr": 0.25,
  "final_dr": 0.2046111681733013
}