{
  "eval_log": [
    {
      "training_episode": 0,
      "eval_success_rate": 0.31,
      "eval_avg_return": 0.31,
      "eval_avg_discounted_return": 0.25827066801358345,
      "avg_steps_success": 37.74193548387097,
      "avg_steps_failure": 32.231884057971016
    }
  ],
  "final_sr": 0.31,
  "final_dr": 0.25827066801358345
}