{
  "eval_log": [
    {
      "training_episode": 0,
      "eval_success_rate": 0.36,
      "eval_avg_return": 0.36,
      "eval_avg_discounted_return": 0.29762189203348477,
      "avg_steps_success": 39.30555555555556,
      "avg_steps_failure": 25.84375
    }
  ],
  "final_sr": 0.36,
  "final_dr": 0.29762189203348477
}