{
  "eval_log": [
    {
      "training_episode": 0,
      "eval_success_rate": 0.3,
      "eval_avg_return": 0.3,
      "eval_avg_discounted_return": 0.2421499449074421,
      "avg_steps_success": 44.0,
      "avg_steps_failure": 39.25714285714286
    }
  ],
  "final_sr": 0.3,
  "final_dr": 0.2421499449074421
}