{
  "eval_log": [
    {
      "training_episode": 0,
      "eval_success_rate": 0.32,
      "eval_avg_return": 0.32,
      "eval_avg_discounted_return": 0.26286903947518037,
      "avg_steps_success": 40.53125,
      "avg_steps_failure": 31.691176470588236
    }
  ],
  "final_sr": 0.32,
  "final_dr": 0.26286903947518037
}