{
  "eval_log": [
    {
      "training_episode": 0,
      "eval_success_rate": 0.26,
      "eval_avg_return": 0.26,
      "eval_avg_discounted_return": 0.21297880422107443,
      "avg_steps_success": 41.07692307692308,
      "avg_steps_failure": 29.22972972972973
    }
  ],
  "final_sr": 0.26,
  "final_dr": 0.21297880422107443
}