{
  "eval_log": [
    {
      "training_episode": 0,
      "eval_success_rate": 0.24,
      "eval_avg_return": 0.24,
      "eval_avg_discounted_return": 0.19124693935646647,
      "avg_steps_success": 46.583333333333336,
      "avg_steps_failure": 39.63157894736842
    }
  ],
  "final_sr": 0.24,
  "final_dr": 0.19124693935646647
}