{
  "eval_log": [
    {
      "training_episode": 0,
      "eval_success_rate": 0.27,
      "eval_avg_return": 0.27,
      "eval_avg_discounted_return": 0.2151877514611698,
      "avg_steps_success": 46.592592592592595,
      "avg_steps_failure": 37.52054794520548
    }
  ],
  "final_sr": 0.27,
  "final_dr": 0.2151877514611698
}