{
  "eval_log": [
    {
      "training_episode": 0,
      "eval_success_rate": 0.39,
      "eval_avg_return": 0.39,
      "eval_avg_discounted_return": 0.319342952311994,
      "avg_steps_success": 41.256410256410255,
      "avg_steps_failure": 27.475409836065573
    }
  ],
  "final_sr": 0.39,
  "final_dr": 0.319342952311994
}