{
  "eval_log": [
    {
      "training_episode": 0,
      "eval_success_rate": 0.3,
      "eval_avg_return": 0.3,
      "eval_avg_discounted_return": 0.2467609991425114,
      "avg_steps_success": 40.333333333333336,
      "avg_steps_failure": 30.714285714285715
    }
  ],
  "final_sr": 0.3,
  "final_dr": 0.2467609991425114
}