{
  "eval_log": [
    {
      "training_episode": 0,
      "eval_success_rate": 0.27,
      "eval_avg_return": 0.27,
      "eval_avg_discounted_return": 0.225794549778959,
      "avg_steps_success": 36.925925925925924,
      "avg_steps_failure": 28.643835616438356
    }
  ],
  "final_sr": 0.27,
  "final_dr": 0.225794549778959
}