{
  "eval_log": [
    {
      "training_episode": 0,
      "eval_success_rate": 0.34,
      "eval_avg_return": 0.34,
      "eval_avg_discounted_return": 0.2797712720288272,
      "avg_steps_success": 40.26470588235294,
      "avg_steps_failure": 30.848484848484848
    }
  ],
  "final_sr": 0.34,
  "final_dr": 0.2797712720288272
}