{
  "eval_log": [
    {
      "training_episode": 0,
      "eval_success_rate": 0.26,
      "eval_avg_return": 0.26,
      "eval_avg_discounted_return": 0.20621243719514967,
      "avg_steps_success": 47.57692307692308,
      "avg_steps_failure": 40.270270270270274
    }
  ],
  "final_sr": 0.26,
  "final_dr": 0.20621243719514967
}