{
  "eval_log": [
    {
      "training_episode": 0,
      "eval_success_rate": 0.18,
      "eval_avg_return": 0.18,
      "eval_avg_discounted_return": 0.14355840282191049,
      "avg_steps_success": 46.44444444444444,
      "avg_steps_failure": 54.3780487804878
    }
  ],
  "final_sr": 0.18,
  "final_dr": 0.14355840282191049
}