{
  "eval_log": [
    {
      "training_episode": 0,
      "eval_success_rate": 0.4,
      "eval_avg_return": 0.4,
      "eval_avg_discounted_return": 0.32947522250822414,
      "avg_steps_success": 40.025,
      "avg_steps_failure": 43.81666666666667
    }
  ],
  "final_sr": 0.4,
  "final_dr": 0.32947522250822414
}