{
  "eval_log": [
    {
      "training_episode": 0,
      "eval_success_rate": 0.27,
      "eval_avg_return": 0.27,
      "eval_avg_discounted_return": 0.2137274979745056,
      "avg_steps_success": 47.81481481481482,
      "avg_steps_failure": 57.082191780821915
    }
  ],
  "final_sr": 0.27,
  "final_dr": 0.2137274979745056
}