{
  "eval_log": [
    {
      "training_episode": 0,
      "eval_success_rate": 0.28,
      "eval_avg_return": 0.28,
      "eval_avg_discounted_return": 0.23318771417580475,
      "avg_steps_success": 37.785714285714285,
      "avg_steps_failure": 47.375
    }
  ],
  "final_sr": 0.28,
  "final_dr": 0.23318771417580475
}