{
  "eval_log": [
    {
      "training_episode": 0,
      "eval_success_rate": 0.25,
      "eval_avg_return": 0.25,
      "eval_avg_discounted_return": 0.19792568791615545,
      "avg_steps_success": 47.88,
      "avg_steps_failure": 54.57333333333333
    }
  ],
  "final_sr": 0.25,
  "final_dr": 0.19792568791615545
}