{
  "eval_log": [
    {
      "training_episode": 0,
      "eval_success_rate": 0.35,
      "eval_avg_return": 0.35,
      "eval_avg_discounted_return": 0.2843091715011737,
      "avg_steps_success": 42.77142857142857,
      "avg_steps_failure": 46.784615384615385
    }
  ],
  "final_sr": 0.35,
  "final_dr": 0.2843091715011737
}