{
  "eval_log": [
    {
      "training_episode": 0,
      "eval_success_rate": 0.32,
      "eval_avg_return": 0.32,
      "eval_avg_discounted_return": 0.257071318138392,
      "avg_steps_success": 44.9375,
      "avg_steps_failure": 58.9264705882353
    }
  ],
  "final_sr": 0.32,
  "final_dr": 0.257071318138392
}