{
  "eval_log": [
    {
      "training_episode": 0,
      "eval_success_rate": 0.29,
      "eval_avg_return": 0.29,
      "eval_avg_discounted_return": 0.23522323609214965,
      "avg_steps_success": 43.0,
      "avg_steps_failure": 55.83098591549296
    }
  ],
  "final_sr": 0.29,
  "final_dr": 0.23522323609214965
}