{
  "eval_log": [
    {
      "training_episode": 0,
      "eval_success_rate": 0.36,
      "eval_avg_return": 0.36,
      "eval_avg_discounted_return": 0.2974714690497349,
      "avg_steps_success": 39.333333333333336,
      "avg_steps_failure": 44.203125
    }
  ],
  "final_sr": 0.36,
  "final_dr": 0.2974714690497349
}