{
  "eval_log": [
    {
      "training_episode": 0,
      "eval_success_rate": 0.33,
      "eval_avg_return": 0.33,
      "eval_avg_discounted_return": 0.2647541449866362,
      "avg_steps_success": 45.27272727272727,
      "avg_steps_failure": 54.17910447761194
    }
  ],
  "final_sr": 0.33,
  "final_dr": 0.2647541449866362
}