{
  "eval_log": [
    {
      "training_episode": 0,
      "eval_success_rate": 0.3,
      "eval_avg_return": 0.3,
      "eval_avg_discounted_return": 0.24637900243007793,
      "avg_steps_success": 40.56666666666667,
      "avg_steps_failure": 48.7
    }
  ],
  "final_sr": 0.3,
  "final_dr": 0.24637900243007793
}