{
  "eval_log": [
    {
      "training_episode": 0,
      "eval_success_rate": 0.32,
      "eval_avg_return": 0.32,
      "eval_avg_discounted_return": 0.2571330599401404,
      "avg_steps_success": 45.0,
      "avg_steps_failure": 53.60294117647059
    }
  ],
  "final_sr": 0.32,
  "final_dr": 0.2571330599401404
}