{
  "eval_log": [
    {
      "training_episode": 0,
      "eval_success_rate": 0.22,
      "eval_avg_return": 0.22,
      "eval_avg_discounted_return": 0.17619781103045415,
      "avg_steps_success": 45.59090909090909,
      "avg_steps_failure": 53.62820512820513
    }
  ],
  "final_sr": 0.22,
  "final_dr": 0.17619781103045415
}