{
  "eval_log": [
    {
      "training_episode": 0,
      "eval_success_rate": 0.33,
      "eval_avg_return": 0.33,
      "eval_avg_discounted_return": 0.2663242531118521,
      "avg_steps_success": 43.96969696969697,
      "avg_steps_failure": 42.71641791044776
    }
  ],
  "final_sr": 0.33,
  "final_dr": 0.2663242531118521
}