{
  "eval_log": [
    {
      "training_episode": 0,
      "eval_success_rate": 0.23,
      "eval_avg_return": 0.23,
      "eval_avg_discounted_return": 0.18612231083357403,
      "avg_steps_success": 43.65217391304348,
      "avg_steps_failure": 53.116883116883116
    }
  ],
  "final_sr": 0.23,
  "final_dr": 0.18612231083357403
}