{
  "eval_log": [
    {
      "training_episode": 0,
      "eval_success_rate": 0.33,
      "eval_avg_return": 0.33,
      "eval_avg_discounted_return": 0.26553986159766013,
      "avg_steps_success": 44.63636363636363,
      "avg_steps_failure": 56.134328358208954
    }
  ],
  "final_sr": 0.33,
  "final_dr": 0.26553986159766013
}