{
  "eval_log": [
    {
      "training_episode": 0,
      "eval_success_rate": 0.34,
      "eval_avg_return": 0.34,
      "eval_avg_discounted_return": 0.28200796748599005,
      "avg_steps_success": 38.64705882352941,
      "avg_steps_failure": 46.24242424242424
    }
  ],
  "final_sr": 0.34,
  "final_dr": 0.28200796748599005
}