{
  "eval_log": [
    {
      "training_episode": 0,
      "eval_success_rate": 0.32,
      "eval_avg_return": 0.32,
      "eval_avg_discounted_return": 0.2540202282048767,
      "avg_steps_success": 47.21875,
      "avg_steps_failure": 58.51470588235294
    }
  ],
  "final_sr": 0.32,
  "final_dr": 0.2540202282048767
}