{
  "eval_log": [
    {
      "training_episode": 0,
      "eval_success_rate": 0.42,
      "eval_avg_return": 0.42,
      "eval_avg_discounted_return": 0.3418083078652222,
      "avg_steps_success": 42.38095238095238,
      "avg_steps_failure": 46.724137931034484
    }
  ],
  "final_sr": 0.42,
  "final_dr": 0.3418083078652222
}