{
  "eval_log": [
    {
      "training_episode": 0,
      "eval_success_rate": 0.24,
      "eval_avg_return": 0.24,
      "eval_avg_discounted_return": 0.19659312343550162,
      "avg_steps_success": 41.083333333333336,
      "avg_steps_failure": 46.76315789473684
    }
  ],
  "final_sr": 0.24,
  "final_dr": 0.19659312343550162
}