{
  "eval_log": [
    {
      "training_episode": 0,
      "eval_success_rate": 0.32,
      "eval_avg_return": 0.32,
      "eval_avg_discounted_return": 0.25369108848925775,
      "avg_steps_success": 47.65625,
      "avg_steps_failure": 58.88235294117647
    }
  ],
  "final_sr": 0.32,
  "final_dr": 0.25369108848925775
}