{
  "eval_log": [
    {
      "training_episode": 0,
      "eval_success_rate": 0.42,
      "eval_avg_return": 0.42,
      "eval_avg_discounted_return": 0.3387510625003724,
      "avg_steps_success": 44.23809523809524,
      "avg_steps_failure": 46.93103448275862
    }
  ],
  "final_sr": 0.42,
  "final_dr": 0.3387510625003724
}