{
  "eval_log": [
    {
      "training_episode": 0,
      "eval_success_rate": 0.24,
      "eval_avg_return": 0.24,
      "eval_avg_discounted_return": 0.18958686473768904,
      "avg_steps_success": 48.333333333333336,
      "avg_steps_failure": 54.86842105263158
    }
  ],
  "final_sr": 0.24,
  "final_dr": 0.18958686473768904
}