{
  "eval_log": [
    {
      "training_episode": 0,
      "eval_success_rate": 0.43,
      "eval_avg_return": 0.43,
      "eval_avg_discounted_return": 0.35347417806938125,
      "avg_steps_success": 40.53488372093023,
      "avg_steps_failure": 50.6140350877193
    }
  ],
  "final_sr": 0.43,
  "final_dr": 0.35347417806938125
}