{
  "eval_log": [
    {
      "training_episode": 0,
      "eval_success_rate": 0.43,
      "eval_avg_return": 0.43,
      "eval_avg_discounted_return": 0.3524301200883822,
      "avg_steps_success": 40.95348837209303,
      "avg_steps_failure": 47.29824561403509
    }
  ],
  "final_sr": 0.43,
  "final_dr": 0.3524301200883822
}