{
  "eval_log": [
    {
      "training_episode": 0,
      "eval_success_rate": 0.27,
      "eval_avg_return": 0.27,
      "eval_avg_discounted_return": 0.21545454345822854,
      "avg_steps_success": 46.2962962962963,
      "avg_steps_failure": 53.013698630136986
    }
  ],
  "final_sr": 0.27,
  "final_dr": 0.21545454345822854
}