{
  "eval_log": [
    {
      "training_episode": 0,
      "eval_success_rate": 0.33,
      "eval_avg_return": 0.33,
      "eval_avg_discounted_return": 0.26919308191278146,
      "avg_steps_success": 41.878787878787875,
      "avg_steps_failure": 45.56716417910448
    }
  ],
  "final_sr": 0.33,
  "final_dr": 0.26919308191278146
}