{
  "eval_log": [
    {
      "training_episode": 0,
      "eval_success_rate": 0.34,
      "eval_avg_return": 0.34,
      "eval_avg_discounted_return": 0.28249115007516595,
      "avg_steps_success": 38.26470588235294,
      "avg_steps_failure": 48.53030303030303
    }
  ],
  "final_sr": 0.34,
  "final_dr": 0.28249115007516595
}