{
  "eval_log": [
    {
      "training_episode": 0,
      "eval_success_rate": 0.28,
      "eval_avg_return": 0.28,
      "eval_avg_discounted_return": 0.22673975025052734,
      "avg_steps_success": 43.357142857142854,
      "avg_steps_failure": 47.69444444444444
    }
  ],
  "final_sr": 0.28,
  "final_dr": 0.22673975025052734
}