{
  "eval_log": [
    {
      "training_episode": 0,
      "eval_success_rate": 0.27,
      "eval_avg_return": 0.27,
      "eval_avg_discounted_return": 0.21345496562966995,
      "avg_steps_success": 48.407407407407405,
      "avg_steps_failure": 51.26027397260274
    }
  ],
  "final_sr": 0.27,
  "final_dr": 0.21345496562966995
}