{
  "eval_log": [
    {
      "training_episode": 0,
      "eval_success_rate": 0.38,
      "eval_avg_return": 0.38,
      "eval_avg_discounted_return": 0.3106647506117552,
      "avg_steps_success": 41.5,
      "avg_steps_failure": 48.725806451612904
    }
  ],
  "final_sr": 0.38,
  "final_dr": 0.3106647506117552
}