{
  "eval_log": [
    {
      "training_episode": 0,
      "eval_success_rate": 0.23,
      "eval_avg_return": 0.23,
      "eval_avg_discounted_return": 0.18130304397371977,
      "avg_steps_success": 48.608695652173914,
      "avg_steps_failure": 53.35064935064935
    }
  ],
  "final_sr": 0.23,
  "final_dr": 0.18130304397371977
}