{
  "eval_log": [
    {
      "training_episode": 0,
      "eval_success_rate": 0.29,
      "eval_avg_return": 0.29,
      "eval_avg_discounted_return": 0.2373042074242852,
      "avg_steps_success": 41.51724137931034,
      "avg_steps_failure": 43.95774647887324
    }
  ],
  "final_sr": 0.29,
  "final_dr": 0.2373042074242852
}