{
  "eval_log": [
    {
      "training_episode": 0,
      "eval_success_rate": 0.24,
      "eval_avg_return": 0.24,
      "eval_avg_discounted_return": 0.19079667212249657,
      "avg_steps_success": 47.166666666666664,
      "avg_steps_failure": 51.89473684210526
    }
  ],
  "final_sr": 0.24,
  "final_dr": 0.19079667212249657
}