{
  "eval_log": [
    {
      "training_episode": 0,
      "eval_success_rate": 0.28,
      "eval_avg_return": 0.28,
      "eval_avg_discounted_return": 0.22295176886628532,
      "avg_steps_success": 46.67857142857143,
      "avg_steps_failure": 45.388888888888886
    }
  ],
  "final_sr": 0.28,
  "final_dr": 0.22295176886628532
}