{
  "eval_log": [
    {
      "training_episode": 0,
      "eval_success_rate": 0.25,
      "eval_avg_return": 0.25,
      "eval_avg_discounted_return": 0.19884462452928509,
      "avg_steps_success": 46.96,
      "avg_steps_failure": 57.46666666666667
    }
  ],
  "final_sr": 0.25,
  "final_dr": 0.19884462452928509
}