{
  "eval_log": [
    {
      "training_episode": 0,
      "eval_success_rate": 0.39,
      "eval_avg_return": 0.39,
      "eval_avg_discounted_return": 0.31964525370486724,
      "avg_steps_success": 41.05128205128205,
      "avg_steps_failure": 45.73770491803279
    }
  ],
  "final_sr": 0.39,
  "final_dr": 0.31964525370486724
}