{
  "eval_log": [
    {
      "training_episode": 0,
      "eval_success_rate": 0.25,
      "eval_avg_return": 0.25,
      "eval_avg_discounted_return": 0.2132013014313887,
      "avg_steps_success": 32.84,
      "avg_steps_failure": 34.25333333333333
    }
  ],
  "final_sr": 0.25,
  "final_dr": 0.2132013014313887
}