{
  "eval_log": [
    {
      "training_episode": 0,
      "eval_success_rate": 0.07,
      "eval_avg_return": 0.07,
      "eval_avg_discounted_return": 0.059216013154340975,
      "avg_steps_success": 34.42857142857143,
      "avg_steps_failure": 46.83870967741935
    }
  ],
  "final_sr": 0.07,
  "final_dr": 0.059216013154340975
}