{
  "eval_log": [
    {
      "training_episode": 0,
      "eval_success_rate": 0.27,
      "eval_avg_return": 0.27,
      "eval_avg_discounted_return": 0.23217824406418536,
      "avg_steps_success": 31.22222222222222,
      "avg_steps_failure": 35.23287671232877
    }
  ],
  "final_sr": 0.27,
  "final_dr": 0.23217824406418536
}