{
  "eval_log": [
    {
      "training_episode": 0,
      "eval_success_rate": 0.13,
      "eval_avg_return": 0.13,
      "eval_avg_discounted_return": 0.10920918774793943,
      "avg_steps_success": 35.92307692307692,
      "avg_steps_failure": 46.9080459770115
    }
  ],
  "final_sr": 0.13,
  "final_dr": 0.10920918774793943
}