{
  "eval_log": [
    {
      "training_episode": 0,
      "eval_success_rate": 0.07,
      "eval_avg_return": 0.07,
      "eval_avg_discounted_return": 0.058757820268443964,
      "avg_steps_success": 36.0,
      "avg_steps_failure": 45.365591397849464
    }
  ],
  "final_sr": 0.07,
  "final_dr": 0.058757820268443964
}