{
  "eval_log": [
    {
      "training_episode": 0,
      "eval_success_rate": 0.09,
      "eval_avg_return": 0.09,
      "eval_avg_discounted_return": 0.07644026158184736,
      "avg_steps_success": 33.666666666666664,
      "avg_steps_failure": 47.065934065934066
    }
  ],
  "final_sr": 0.09,
  "final_dr": 0.07644026158184736
}