{
  "eval_log": [
    {
      "training_episode": 0,
      "eval_success_rate": 0.24,
      "eval_avg_return": 0.24,
      "eval_avg_discounted_return": 0.20800298745185533,
      "avg_steps_success": 29.666666666666668,
      "avg_steps_failure": 35.13157894736842
    }
  ],
  "final_sr": 0.24,
  "final_dr": 0.20800298745185533
}