{
  "eval_log": [
    {
      "training_episode": 0,
      "eval_success_rate": 0.19,
      "eval_avg_return": 0.19,
      "eval_avg_discounted_return": 0.16101240550223797,
      "avg_steps_success": 34.21052631578947,
      "avg_steps_failure": 45.0
    }
  ],
  "final_sr": 0.19,
  "final_dr": 0.16101240550223797
}