{
  "eval_log": [
    {
      "training_episode": 0,
      "eval_success_rate": 0.22,
      "eval_avg_return": 0.22,
      "eval_avg_discounted_return": 0.18986491217388482,
      "avg_steps_success": 30.5,
      "avg_steps_failure": 35.80769230769231
    }
  ],
  "final_sr": 0.22,
  "final_dr": 0.18986491217388482
}