{
  "eval_log": [
    {
      "training_episode": 0,
      "eval_success_rate": 0.16,
      "eval_avg_return": 0.16,
      "eval_avg_discounted_return": 0.1368156153329002,
      "avg_steps_success": 32.3125,
      "avg_steps_failure": 49.785714285714285
    }
  ],
  "final_sr": 0.16,
  "final_dr": 0.1368156153329002
}