{
  "eval_log": [
    {
      "training_episode": 0,
      "eval_success_rate": 0.13,
      "eval_avg_return": 0.13,
      "eval_avg_discounted_return": 0.10962672146001584,
      "avg_steps_success": 35.07692307692308,
      "avg_steps_failure": 44.50574712643678
    }
  ],
  "final_sr": 0.13,
  "final_dr": 0.10962672146001584
}