{
  "eval_log": [
    {
      "training_episode": 0,
      "eval_success_rate": 0.25,
      "eval_avg_return": 0.25,
      "eval_avg_discounted_return": 0.2159459752091032,
      "avg_steps_success": 30.32,
      "avg_steps_failure": 33.89333333333333
    }
  ],
  "final_sr": 0.25,
  "final_dr": 0.2159459752091032
}