{
  "eval_log": [
    {
      "training_episode": 0,
      "eval_success_rate": 0.24,
      "eval_avg_return": 0.24,
      "eval_avg_discounted_return": 0.20839431026482252,
      "avg_steps_success": 29.291666666666668,
      "avg_steps_failure": 35.776315789473685
    }
  ],
  "final_sr": 0.24,
  "final_dr": 0.20839431026482252
}