{
  "eval_log": [
    {
      "training_episode": 0,
      "eval_success_rate": 0.16,
      "eval_avg_return": 0.16,
      "eval_avg_discounted_return": 0.1359323888713015,
      "avg_steps_success": 33.6875,
      "avg_steps_failure": 44.92857142857143
    }
  ],
  "final_sr": 0.16,
  "final_dr": 0.1359323888713015
}