{
  "eval_log": [
    {
      "training_episode": 0,
      "eval_success_rate": 0.17,
      "eval_avg_return": 0.17,
      "eval_avg_discounted_return": 0.1465464993232385,
      "avg_steps_success": 30.764705882352942,
      "avg_steps_failure": 35.86746987951807
    }
  ],
  "final_sr": 0.17,
  "final_dr": 0.1465464993232385
}