{
  "eval_log": [
    {
      "training_episode": 0,
      "eval_success_rate": 0.19,
      "eval_avg_return": 0.19,
      "eval_avg_discounted_return": 0.16124419500241063,
      "avg_steps_success": 33.78947368421053,
      "avg_steps_failure": 36.27160493827161
    }
  ],
  "final_sr": 0.19,
  "final_dr": 0.16124419500241063
}