{
  "eval_log": [
    {
      "training_episode": 0,
      "eval_success_rate": 0.19,
      "eval_avg_return": 0.19,
      "eval_avg_discounted_return": 0.16153048286229482,
      "avg_steps_success": 33.526315789473685,
      "avg_steps_failure": 45.97530864197531
    }
  ],
  "final_sr": 0.19,
  "final_dr": 0.16153048286229482
}