{
  "eval_log": [
    {
      "training_episode": 0,
      "eval_success_rate": 0.17,
      "eval_avg_return": 0.17,
      "eval_avg_discounted_return": 0.14724732867343898,
      "avg_steps_success": 29.764705882352942,
      "avg_steps_failure": 36.10843373493976
    }
  ],
  "final_sr": 0.17,
  "final_dr": 0.14724732867343898
}