{
  "eval_log": [
    {
      "training_episode": 0,
      "eval_success_rate": 0.1,
      "eval_avg_return": 0.1,
      "eval_avg_discounted_return": 0.08230362352937243,
      "avg_steps_success": 40.7,
      "avg_steps_failure": 45.733333333333334
    }
  ],
  "final_sr": 0.1,
  "final_dr": 0.08230362352937243
}