{
  "eval_log": [
    {
      "training_episode": 0,
      "eval_success_rate": 0.21,
      "eval_avg_return": 0.21,
      "eval_avg_discounted_return": 0.1801070038015287,
      "avg_steps_success": 31.714285714285715,
      "avg_steps_failure": 36.20253164556962
    }
  ],
  "final_sr": 0.21,
  "final_dr": 0.1801070038015287
}