{
  "eval_log": [
    {
      "training_episode": 0,
      "eval_success_rate": 0.25,
      "eval_avg_return": 0.25,
      "eval_avg_discounted_return": 0.21542131355611183,
      "avg_steps_success": 30.8,
      "avg_steps_failure": 35.74666666666667
    }
  ],
  "final_sr": 0.25,
  "final_dr": 0.21542131355611183
}