{
  "eval_log": [
    {
      "training_episode": 0,
      "eval_success_rate": 0.15,
      "eval_avg_return": 0.15,
      "eval_avg_discounted_return": 0.12730696104671602,
      "avg_steps_success": 33.8,
      "avg_steps_failure": 48.8235294117647
    }
  ],
  "final_sr": 0.15,
  "final_dr": 0.12730696104671602
}