{
  "eval_log": [
    {
      "training_episode": 0,
      "eval_success_rate": 0.18,
      "eval_avg_return": 0.18,
      "eval_avg_discounted_return": 0.15476132340817597,
      "avg_steps_success": 31.22222222222222,
      "avg_steps_failure": 45.08536585365854
    }
  ],
  "final_sr": 0.18,
  "final_dr": 0.15476132340817597
}