{
  "eval_log": [
    {
      "training_episode": 0,
      "eval_success_rate": 0.1,
      "eval_avg_return": 0.1,
      "eval_avg_discounted_return": 0.08407842114484378,
      "avg_steps_success": 35.9,
      "avg_steps_failure": 43.84444444444444
    }
  ],
  "final_sr": 0.1,
  "final_dr": 0.08407842114484378
}