{
  "eval_log": [
    {
      "training_episode": 0,
      "eval_success_rate": 0.16,
      "eval_avg_return": 0.16,
      "eval_avg_discounted_return": 0.13353711873828916,
      "avg_steps_success": 37.375,
      "avg_steps_failure": 46.964285714285715
    }
  ],
  "final_sr": 0.16,
  "final_dr": 0.13353711873828916
}