{
  "eval_log": [
    {
      "training_episode": 0,
      "eval_success_rate": 0.11,
      "eval_avg_return": 0.11,
      "eval_avg_discounted_return": 0.093301529887725,
      "avg_steps_success": 33.90909090909091,
      "avg_steps_failure": 48.04494382022472
    }
  ],
  "final_sr": 0.11,
  "final_dr": 0.093301529887725
}