{
  "eval_log": [
    {
      "training_episode": 0,
      "eval_success_rate": 0.12,
      "eval_avg_return": 0.12,
      "eval_avg_discounted_return": 0.10139970569261408,
      "avg_steps_success": 34.666666666666664,
      "avg_steps_failure": 49.05681818181818
    }
  ],
  "final_sr": 0.12,
  "final_dr": 0.10139970569261408
}