{
  "eval_log": [
    {
      "training_episode": 0,
      "eval_success_rate": 0.27,
      "eval_avg_return": 0.27,
      "eval_avg_discounted_return": 0.23195888621299432,
      "avg_steps_success": 31.37037037037037,
      "avg_steps_failure": 36.49315068493151
    }
  ],
  "final_sr": 0.27,
  "final_dr": 0.23195888621299432
}