{
  "eval_log": [
    {
      "training_episode": 0,
      "eval_success_rate": 0.12,
      "eval_avg_return": 0.12,
      "eval_avg_discounted_return": 0.10238075807956747,
      "avg_steps_success": 32.833333333333336,
      "avg_steps_failure": 52.40909090909091
    }
  ],
  "final_sr": 0.12,
  "final_dr": 0.10238075807956747
}