{
  "eval_log": [
    {
      "training_episode": 0,
      "eval_success_rate": 0.11,
      "eval_avg_return": 0.11,
      "eval_avg_discounted_return": 0.09176436510048887,
      "avg_steps_success": 37.27272727272727,
      "avg_steps_failure": 47.92134831460674
    }
  ],
  "final_sr": 0.11,
  "final_dr": 0.09176436510048887
}