{
  "eval_log": [
    {
      "training_episode": 0,
      "eval_success_rate": 0.25,
      "eval_avg_return": 0.25,
      "eval_avg_discounted_return": 0.21619188115841742,
      "avg_steps_success": 30.08,
      "avg_steps_failure": 35.22666666666667
    }
  ],
  "final_sr": 0.25,
  "final_dr": 0.21619188115841742
}