{
  "eval_log": [
    {
      "training_episode": 0,
      "eval_success_rate": 0.12,
      "eval_avg_return": 0.12,
      "eval_avg_discounted_return": 0.1031598721318549,
      "avg_steps_success": 31.25,
      "avg_steps_failure": 45.35227272727273
    }
  ],
  "final_sr": 0.12,
  "final_dr": 0.1031598721318549
}