{
  "eval_log": [
    {
      "training_episode": 0,
      "eval_success_rate": 0.23,
      "eval_avg_return": 0.23,
      "eval_avg_discounted_return": 0.19791829932387572,
      "avg_steps_success": 31.08695652173913,
      "avg_steps_failure": 36.15584415584416
    }
  ],
  "final_sr": 0.23,
  "final_dr": 0.19791829932387572
}