{
  "eval_log": [
    {
      "training_episode": 0,
      "eval_success_rate": 0.22,
      "eval_avg_return": 0.22,
      "eval_avg_discounted_return": 0.1889637663737083,
      "avg_steps_success": 31.40909090909091,
      "avg_steps_failure": 36.1025641025641
    }
  ],
  "final_sr": 0.22,
  "final_dr": 0.1889637663737083
}