{
  "eval_log": [
    {
      "training_episode": 0,
      "eval_success_rate": 0.18,
      "eval_avg_return": 0.18,
      "eval_avg_discounted_return": 0.1516966292741248,
      "avg_steps_success": 35.27777777777778,
      "avg_steps_failure": 44.292682926829265
    }
  ],
  "final_sr": 0.18,
  "final_dr": 0.1516966292741248
}