{
  "eval_log": [
    {
      "training_episode": 0,
      "eval_success_rate": 0.12,
      "eval_avg_return": 0.12,
      "eval_avg_discounted_return": 0.1037280197530689,
      "avg_steps_success": 30.25,
      "avg_steps_failure": 36.17045454545455
    }
  ],
  "final_sr": 0.12,
  "final_dr": 0.1037280197530689
}