{
  "eval_log": [
    {
      "training_episode": 0,
      "eval_success_rate": 0.22,
      "eval_avg_return": 0.22,
      "eval_avg_discounted_return": 0.18827912802122668,
      "avg_steps_success": 32.13636363636363,
      "avg_steps_failure": 35.782051282051285
    }
  ],
  "final_sr": 0.22,
  "final_dr": 0.18827912802122668
}