{
  "eval_log": [
    {
      "training_episode": 0,
      "eval_success_rate": 0.84,
      "eval_avg_return": 0.84,
      "eval_avg_discounted_return": 0.5357090662248529,
      "avg_steps_success": 94.95238095238095,
      "avg_steps_failure": 200.0
    }
  ],
  "final_sr": 0.84,
  "final_dr": 0.5357090662248529
}