{
  "eval_log": [
    {
      "training_episode": 0,
      "eval_success_rate": 0.91,
      "eval_avg_return": 0.91,
      "eval_avg_discounted_return": 0.5882331458104048,
      "avg_steps_success": 92.15384615384616,
      "avg_steps_failure": 200.0
    }
  ],
  "final_sr": 0.91,
  "final_dr": 0.5882331458104048
}