{
  "eval_log": [
    {
      "training_episode": 0,
      "eval_success_rate": 0.92,
      "eval_avg_return": 0.92,
      "eval_avg_discounted_return": 0.5788038962824884,
      "avg_steps_success": 97.23913043478261,
      "avg_steps_failure": 200.0
    }
  ],
  "final_sr": 0.92,
  "final_dr": 0.5788038962824884
}