{
  "eval_log": [
    {
      "training_episode": 0,
      "eval_success_rate": 0.9,
      "eval_avg_return": 0.9,
      "eval_avg_discounted_return": 0.5864310746556167,
      "avg_steps_success": 90.85555555555555,
      "avg_steps_failure": 200.0
    }
  ],
  "final_sr": 0.9,
  "final_dr": 0.5864310746556167
}