{
  "eval_log": [
    {
      "training_episode": 0,
      "eval_success_rate": 0.86,
      "eval_avg_return": 0.86,
      "eval_avg_discounted_return": 0.5500601261535268,
      "avg_steps_success": 93.40697674418605,
      "avg_steps_failure": 200.0
    }
  ],
  "final_sr": 0.86,
  "final_dr": 0.5500601261535268
}