{
  "eval_log": [
    {
      "training_episode": 0,
      "eval_success_rate": 0.9,
      "eval_avg_return": 0.9,
      "eval_avg_discounted_return": 0.5792923895073983,
      "avg_steps_success": 92.72222222222223,
      "avg_steps_failure": 200.0
    }
  ],
  "final_sr": 0.9,
  "final_dr": 0.5792923895073983
}