{
  "eval_log": [
    {
      "training_episode": 0,
      "eval_success_rate": 0.89,
      "eval_avg_return": 0.89,
      "eval_avg_discounted_return": 0.543563407425441,
      "avg_steps_success": 104.07865168539325,
      "avg_steps_failure": 200.0
    }
  ],
  "final_sr": 0.89,
  "final_dr": 0.543563407425441
}