{
  "eval_log": [
    {
      "training_episode": 0,
      "eval_success_rate": 0.88,
      "eval_avg_return": 0.88,
      "eval_avg_discounted_return": 0.5541804464828401,
      "avg_steps_success": 97.36363636363636,
      "avg_steps_failure": 200.0
    }
  ],
  "final_sr": 0.88,
  "final_dr": 0.5541804464828401
}