{
  "eval_log": [
    {
      "training_episode": 0,
      "eval_success_rate": 0.88,
      "eval_avg_return": 0.88,
      "eval_avg_discounted_return": 0.5789060361191133,
      "avg_steps_success": 88.7840909090909,
      "avg_steps_failure": 200.0
    }
  ],
  "final_sr": 0.88,
  "final_dr": 0.5789060361191133
}