{
  "eval_log": [
    {
      "training_episode": 0,
      "eval_success_rate": 0.89,
      "eval_avg_return": 0.89,
      "eval_avg_discounted_return": 0.5469127242582456,
      "avg_steps_success": 101.48314606741573,
      "avg_steps_failure": 200.0
    }
  ],
  "final_sr": 0.89,
  "final_dr": 0.5469127242582456
}