{
  "eval_log": [
    {
      "training_episode": 0,
      "eval_success_rate": 0.95,
      "eval_avg_return": 0.95,
      "eval_avg_discounted_return": 0.5930431315617876,
      "avg_steps_success": 98.69473684210526,
      "avg_steps_failure": 200.0
    }
  ],
  "final_sr": 0.95,
  "final_dr": 0.5930431315617876
}