{
  "eval_log": [
    {
      "training_episode": 0,
      "eval_success_rate": 0.84,
      "eval_avg_return": 0.84,
      "eval_avg_discounted_return": 0.5461103842962056,
      "avg_steps_success": 91.23809523809524,
      "avg_steps_failure": 200.0
    }
  ],
  "final_sr": 0.84,
  "final_dr": 0.5461103842962056
}