{
  "eval_log": [
    {
      "training_episode": 0,
      "eval_success_rate": 0.87,
      "eval_avg_return": 0.87,
      "eval_avg_discounted_return": 0.5440331515044009,
      "avg_steps_success": 98.54022988505747,
      "avg_steps_failure": 200.0
    }
  ],
  "final_sr": 0.87,
  "final_dr": 0.5440331515044009
}